,date,daily_return
0,2010-01-06,0.0
1,2010-01-07,0.004753905034193316
2,2010-01-08,-0.00012265935992068799
3,2010-01-11,0.001266010381792612
4,2010-01-12,-0.007542107735716898
5,2010-01-13,0.007867211138092889
6,2010-01-14,0.004566282952505907
7,2010-01-15,-0.011058378488151582
8,2010-01-19,0.015185309163976793
9,2010-01-20,-0.008492345337786372
10,2010-01-21,-0.02023670155932796
11,2010-01-22,-0.021754245162518015
12,2010-01-25,0.003096401177844202
13,2010-01-26,-8.940050090428366e-06
14,2010-01-27,0.007778620019788339
15,2010-01-28,-0.011819998525601956
16,2010-01-29,-0.006828153473259876
17,2010-02-01,0.011871190003924703
18,2010-02-02,0.010930146332802305
19,2010-02-03,-0.005259744213981183
20,2010-02-04,-0.027970866611869087
21,2010-02-05,0.003057801934796347
22,2010-02-08,-0.007428486261147505
23,2010-02-09,0.015442009780739759
24,2010-02-10,-0.001685870923155882
25,2010-02-11,0.01343915598002061
26,2010-02-12,-0.003101529390223517
27,2010-02-16,0.01730983725881998
28,2010-02-17,0.005171795247733547
29,2010-02-18,0.007980236237983135
30,2010-02-19,0.00021024640217819556
31,2010-02-22,-2.342220196114111e-05
32,2010-02-23,-0.010519597343148895
33,2010-02-24,0.011571862687511298
34,2010-02-25,-0.004780500224616978
35,2010-02-26,0.002765487381222541
36,2010-03-01,0.008748912517112293
37,2010-03-02,2.1241363123798414e-05
38,2010-03-03,-0.0016749839965275715
39,2010-03-04,0.0035820664950504434
40,2010-03-05,0.01340596330073435
41,2010-03-08,0.0007474272412774768
42,2010-03-09,0.001576235172979291
43,2010-03-10,0.00222610665877695
44,2010-03-11,0.004722352268263239
45,2010-03-12,0.002757875476648341
46,2010-03-15,0.0019025178947909946
47,2010-03-16,0.005824288676490261
48,2010-03-17,0.0026496265991510512
49,2010-03-18,0.006084950639302995
50,2010-03-19,-0.002800557833697209
51,2010-03-22,0.004626051126109276
52,2010-03-23,0.007329081408883386
53,2010-03-24,-0.008724081708464932
54,2010-03-25,0.0020767533452783374
55,2010-03-26,0.0001972738004699377
56,2010-03-29,0.00415856367774993
57,2010-03-30,0.002998947789103594
58,2010-03-31,-0.005000578136283303
59,2010-04-01,0.0066308772724798706
60,2010-04-05,0.005254130319611161
61,2010-04-06,0.0014001963775816275
62,2010-04-07,-0.007980900944595273
63,2010-04-08,0.00429332699404921
64,2010-04-09,0.007559360399951555
65,2010-04-12,0.0013723566979238005
66,2010-04-13,0.0012154773153335578
67,2010-04-14,0.012330424357841019
68,2010-04-15,3.385657068260815e-05
69,2010-04-16,-0.01061269523547856
70,2010-04-19,0.005508833374318419
71,2010-04-20,0.0033303808497730895
72,2010-04-21,-0.002028176792031227
73,2010-04-22,0.00671148283500457
74,2010-04-23,0.0060156893856079165
75,2010-04-26,-0.004327390668271079
76,2010-04-27,-0.019186421030100424
77,2010-04-28,0.004533573794212156
78,2010-04-29,0.012624504950308544
79,2010-04-30,-0.020473773929703395
80,2010-05-03,0.013341670862706176
81,2010-05-04,-0.017180909941597218
82,2010-05-05,-0.0070439751135903455
83,2010-05-06,-0.0332835789898304
84,2010-05-07,-0.0137175214262912
85,2010-05-10,0.04128466407855455
86,2010-05-11,-0.0018851824575068107
87,2010-05-12,0.014556231346038001
88,2010-05-13,-0.013289937387700462
89,2010-05-14,-0.020138293848108356
90,2010-05-17,0.0016470747210892635
91,2010-05-18,-0.014207086883965674
92,2010-05-19,-0.005696096721400827
93,2010-05-20,-0.035999547586906676
94,2010-05-21,0.012400047512313666
95,2010-05-24,-0.009422115227662335
96,2010-05-25,0.00011673234319325472
97,2010-05-26,-0.007972862260134137
98,2010-05-27,0.027383296661122866
99,2010-05-28,-0.009341893946206301
100,2010-06-01,-0.008319829365563122
101,2010-06-02,0.02340990806625519
102,2010-06-03,0.0070457316047036955
103,2010-06-04,-0.03178071244490058
104,2010-06-07,-0.012761480247367604
105,2010-06-08,0.010176980489435784
106,2010-06-09,-0.006349248794667957
107,2010-06-10,0.023880315968496595
108,2010-06-11,0.005002333783126981
109,2010-06-14,-0.003882220502738383
110,2010-06-15,0.02335428637662567
111,2010-06-16,-0.0001604872731937097
112,2010-06-17,0.004424012401672402
113,2010-06-18,0.0012047694844128265
114,2010-06-21,-0.0025954238267961154
115,2010-06-22,-0.014102586270699909
116,2010-06-23,-0.0018522459246159187
117,2010-06-24,-0.015255795450175727
118,2010-06-25,0.0016509960193591873
119,2010-06-28,-0.0030730535930094693
120,2010-06-29,-0.029606465435289837
121,2010-06-30,-0.01061930347848374
122,2010-07-01,-0.003217522209067699
123,2010-07-02,-0.001801275905538551
124,2010-07-06,0.003358170675157917
125,2010-07-07,0.027684312322776173
126,2010-07-08,0.012049037208781506
127,2010-07-09,0.007352524122398969
128,2010-07-12,0.0004300399378332274
129,2010-07-13,0.014719252453471518
130,2010-07-14,0.0024626118937533382
131,2010-07-15,0.0018739912799256811
132,2010-07-16,-0.023290602634181767
133,2010-07-19,0.00254679579688508
134,2010-07-20,0.010970082190640445
135,2010-07-21,-0.011311197214809445
136,2010-07-22,0.01930499166683885
137,2010-07-23,0.012479321505889766
138,2010-07-26,0.008620988040610551
139,2010-07-27,-0.0028261983484484865
140,2010-07-28,-0.005371878111783726
141,2010-07-29,-0.002796686658092929
142,2010-07-30,-0.0005728934402266278
143,2010-08-02,0.019130825079087303
144,2010-08-03,-0.002711649239615637
145,2010-08-04,0.005804256585141607
146,2010-08-05,-0.0022597406960495085
147,2010-08-06,-0.0010343349953319354
148,2010-08-09,0.007068495777925733
149,2010-08-10,-0.006692876649121446
150,2010-08-11,-0.024410455734448312
151,2010-08-12,-0.003651642225252544
152,2010-08-13,-0.0027663614653761965
153,2010-08-16,0.0012129893108608425
154,2010-08-17,0.011705833694475344
155,2010-08-18,0.001786220859014821
156,2010-08-19,-0.016307341522702794
157,2010-08-20,0.0041476105711952685
158,2010-08-23,-0.005052244871806978
159,2010-08-24,-0.012398603010756832
160,2010-08-25,0.004047280694903224
161,2010-08-26,-0.009329561517451696
162,2010-08-27,0.014428423054503203
163,2010-08-30,-0.014187331304168986
164,2010-08-31,-0.0007889660090990752
165,2010-09-01,0.027179175657520115
166,2010-09-02,0.009619082051891175
167,2010-09-03,0.013697337185253514
168,2010-09-07,-0.008312365056044916
169,2010-09-08,0.00315988185595941
170,2010-09-09,0.00027571099584245394
171,2010-09-10,0.005029405071446776
172,2010-09-13,0.008006126659981325
173,2010-09-14,-0.00017694323349997108
174,2010-09-15,0.004562468344550385
175,2010-09-16,0.0026892319080144616
176,2010-09-17,-0.0006270013410692926
177,2010-09-20,0.01641742081291781
178,2010-09-21,0.0003895152504229412
179,2010-09-22,-0.002568184756189732
180,2010-09-23,-0.007257105498856678
181,2010-09-24,0.01736350548768493
182,2010-09-27,-0.005240606665872411
183,2010-09-28,0.00374546518460382
184,2010-09-29,-0.003846296467442892
185,2010-09-30,-0.003566054294955836
186,2010-10-01,0.0031655188606045256
187,2010-10-04,-0.00743135910689083
188,2010-10-05,0.01726155822985596
189,2010-10-06,-0.0022766988488237385
190,2010-10-07,-0.0027896242683357097
191,2010-10-08,0.005434451541985587
192,2010-10-11,-0.0023994004851764423
193,2010-10-12,0.004495862209615011
194,2010-10-13,0.005928716775351116
195,2010-10-14,-0.00035465437555323135
196,2010-10-15,-0.0009749960770064318
197,2010-10-18,0.003516509410683252
198,2010-10-19,-0.013200444624488845
199,2010-10-20,0.0120254082525916
200,2010-10-21,0.002989048429150522
201,2010-10-22,0.00011806289564632819
202,2010-10-25,0.004813865449871887
203,2010-10-26,-0.0012251208429810531
204,2010-10-27,-0.0029396336913606134
205,2010-10-28,0.00020650695147379647
206,2010-10-29,-0.0001512714766005745
207,2010-11-01,0.0008892381646823395
208,2010-11-02,0.008177838896975749
209,2010-11-03,0.004384616233666895
210,2010-11-04,0.015228686670245203
211,2010-11-05,0.0009696687863835993
212,2010-11-08,-0.0033528505508886725
213,2010-11-09,-0.0051795835749063315
214,2010-11-10,0.0033287274300576888
215,2010-11-11,-0.0058057327448219976
216,2010-11-12,-0.008565689621820683
217,2010-11-15,-0.002167300606881715
218,2010-11-16,-0.014412048549794089
219,2010-11-17,0.0009738732258522604
220,2010-11-18,0.015909994674324336
221,2010-11-19,0.007291604316964992
222,2010-11-22,0.00023433297774066663
223,2010-11-23,-0.012304965952798981
224,2010-11-24,0.012504875423911453
225,2010-11-26,-0.007571068569972299
226,2010-11-29,-0.0009771971664190493
227,2010-11-30,-0.005674921811021027
228,2010-12-01,0.021713710791575153
229,2010-12-02,0.01137665442670909
230,2010-12-03,0.0020367117197907783
231,2010-12-06,0.00027199750997105026
232,2010-12-07,-0.0018911325507462355
233,2010-12-08,0.004432598312627492
234,2010-12-09,0.0006208554394837712
235,2010-12-10,0.0038984725488672785
236,2010-12-13,0.0005419891247211327
237,2010-12-14,6.459428101455653e-05
238,2010-12-15,-0.005677807209031167
239,2010-12-16,0.003800561133348877
240,2010-12-17,-0.001699086856539702
241,2010-12-20,-0.0006133881151653441
242,2010-12-21,0.0057544977805656814
243,2010-12-22,-0.00024956643321326875
244,2010-12-23,-0.0003044462924118517
245,2010-12-27,-0.00043839084136237293
246,2010-12-28,0.0014644861483070482
247,2010-12-29,-0.000621561751494336
248,2010-12-30,-0.0020427486581830415
249,2010-12-31,0.00037833094851684034
250,2011-01-03,0.011962174243552327
251,2011-01-04,0.0038935616188288977
252,2011-01-05,0.0071732707428937585
253,2011-01-06,-0.0013266757012415306
254,2011-01-07,-0.002103645072794205
255,2011-01-10,-0.0007234088888176627
256,2011-01-11,9.365956901922568e-05
257,2011-01-12,0.0064213778006108
258,2011-01-13,-0.003706377934114159
259,2011-01-14,0.004301166048940983
260,2011-01-18,-0.0005572051727059981
261,2011-01-19,-0.006705122231543259
262,2011-01-20,-0.0012113464216339975
263,2011-01-21,-0.00031479053228406314
264,2011-01-24,0.005567484183236056
265,2011-01-25,7.718150425222912e-05
266,2011-01-26,0.001512018998808514
267,2011-01-27,0.0012821618157281452
268,2011-01-28,-0.014648808015315255
269,2011-01-31,0.0035507501629183087
270,2011-02-01,0.014274667542362248
271,2011-02-02,0.001859543746794302
272,2011-02-03,0.0008844080943659985
273,2011-02-04,0.004902758227695546
274,2011-02-07,0.0019329476829489222
275,2011-02-08,0.007095622037218967
276,2011-02-09,-0.0022848162029597665
277,2011-02-10,-0.0023887129369660094
278,2011-02-11,0.003200089593530541
279,2011-02-14,-0.0014074753090183645
280,2011-02-15,-0.0013779791320397902
281,2011-02-16,0.002779625349497278
282,2011-02-17,0.0005627643071024732
283,2011-02-18,0.0070584324860900015
284,2011-02-22,-0.017698440153417497
285,2011-02-23,-0.00932560548422247
286,2011-02-24,-0.0009850749964117917
287,2011-02-25,0.008872764082490756
288,2011-02-28,0.004479530390460665
289,2011-03-01,-0.012710255057600768
290,2011-03-02,0.00028871870347145593
291,2011-03-03,0.01600312662184548
292,2011-03-04,-0.005743076091879214
293,2011-03-07,-0.008404797375160467
294,2011-03-08,0.007776312784717268
295,2011-03-09,0.0006461618457885851
296,2011-03-10,-0.014384251536706336
297,2011-03-11,0.0039054729268604644
298,2011-03-14,-0.0074683274580289675
299,2011-03-15,-0.010453505803611832
300,2011-03-16,-0.01835173536925747
301,2011-03-17,0.009563026041414754
302,2011-03-18,0.0008805983685614519
303,2011-03-21,0.015061852291309314
304,2011-03-22,-0.005299014685079884
305,2011-03-23,0.007423111239544237
306,2011-03-24,0.010052750012879917
307,2011-03-25,0.0006042291757022073
308,2011-03-28,-0.0012610189742027556
309,2011-03-29,0.00839613119579143
310,2011-03-30,0.0070165293436348
311,2011-03-31,-0.004188085405211887
312,2011-04-01,0.0029677452788058243
313,2011-04-04,0.0016626632313896804
314,2011-04-05,-9.062830545834975e-05
315,2011-04-06,0.0037565920920018562
316,2011-04-07,-0.0007404150839023093
317,2011-04-08,-0.003172796669479285
318,2011-04-11,0.0011013624380673548
319,2011-04-12,-0.004930706528131664
320,2011-04-13,0.0009355500224377064
321,2011-04-14,-0.0013668726527112643
322,2011-04-15,0.003066919200250896
323,2011-04-18,-0.01025988027759804
324,2011-04-19,0.004657029541633443
325,2011-04-20,0.017517546566037066
326,2011-04-21,0.004237622439297405
327,2011-04-25,-0.00016308400760161386
328,2011-04-26,0.007946208981829767
329,2011-04-27,0.006789456664960707
330,2011-04-28,0.0037798025023130562
331,2011-04-29,0.002540302554617062
332,2011-05-02,-0.0004910802850056739
333,2011-05-03,0.0019530708711154893
334,2011-05-04,-0.0038811807520829954
335,2011-05-05,-0.006883811144906883
336,2011-05-06,0.002595483884104484
337,2011-05-09,0.003199666094243413
338,2011-05-10,0.006469200968770395
339,2011-05-11,-0.008595557213389032
340,2011-05-12,0.004986837232781384
341,2011-05-13,-0.005272406219050891
342,2011-05-16,-0.00570739724530587
343,2011-05-17,0.00039100783604315324
344,2011-05-18,0.006804828569326326
345,2011-05-19,0.002161504222320992
346,2011-05-20,-0.0030841614396703862
347,2011-05-23,-0.008079788222924721
348,2011-05-24,-0.0021549280628996937
349,2011-05-25,0.0008538542248267409
350,2011-05-26,1.42403324532664e-05
351,2011-05-27,0.0029509209841165397
352,2011-05-31,0.009325508366889671
353,2011-06-01,-0.021508916751536857
354,2011-06-02,0.00040775001446437763
355,2011-06-03,-0.01003773368788033
356,2011-06-06,-0.0069257731348083655
357,2011-06-07,-0.0015939600677200272
358,2011-06-08,-0.004166647699203897
359,2011-06-09,0.007656478923892093
360,2011-06-10,-0.014346207686307524
361,2011-06-13,0.0006031086705457437
362,2011-06-14,0.012357580264827018
363,2011-06-15,-0.01490902277291675
364,2011-06-16,0.0034633059762767876
365,2011-06-17,0.0028228200037496874
366,2011-06-20,0.005223461432001757
367,2011-06-21,0.011078292981812704
368,2011-06-22,-0.007820200226380008
369,2011-06-23,-0.0026546246988615333
370,2011-06-24,-0.013099675141862385
371,2011-06-27,0.009422209561515193
372,2011-06-28,0.016411094223015517
373,2011-06-29,0.010638102893109127
374,2011-06-30,0.011167346966346203
375,2011-07-01,0.014597629723135186
376,2011-07-05,-0.0012931370742497448
377,2011-07-06,0.0032535150931480667
378,2011-07-07,0.009679697589574704
379,2011-07-08,-0.004046078851786768
380,2011-07-11,-0.015603208255592698
381,2011-07-12,-0.004734634874934875
382,2011-07-13,0.004655650445332433
383,2011-07-14,-0.003386018821935731
384,2011-07-15,0.002544566277837899
385,2011-07-18,-0.005931388946146313
386,2011-07-19,0.013530333554316163
387,2011-07-20,0.0008334013186661418
388,2011-07-21,0.006906010478093295
389,2011-07-22,0.0012315232184773688
390,2011-07-25,-0.005259331669780472
391,2011-07-26,-0.003214569262105245
392,2011-07-27,-0.018053200310085695
393,2011-07-28,-0.0008098084593266996
394,2011-07-29,-0.006941375924412416
395,2011-08-01,-0.0011490050527282827
396,2011-08-02,-0.022936111878245506
397,2011-08-03,0.00510099367786908
398,2011-08-04,-0.042073596309363366
399,2011-08-05,0.001950577805069218
400,2011-08-08,-0.05865350712487052
401,2011-08-09,0.04535764492647565
402,2011-08-10,-0.045805842467589515
403,2011-08-11,0.04646044691427581
404,2011-08-12,0.007551588233142619
405,2011-08-15,0.020034040034308847
406,2011-08-16,-0.004447457038963229
407,2011-08-17,-0.0045554283801955
408,2011-08-18,-0.037920563978583725
409,2011-08-19,-0.012042637835971226
410,2011-08-22,0.000889538984221305
411,2011-08-23,0.03193971875543893
412,2011-08-24,0.012184908262463786
413,2011-08-25,-0.016179144781183465
414,2011-08-26,0.015311915138823417
415,2011-08-29,0.022920842927109757
416,2011-08-30,0.0007703081098619355
417,2011-08-31,0.006337713115851909
418,2011-09-01,-0.009407880993155145
419,2011-09-02,-0.02343166673732318
420,2011-09-06,-0.005034271201547046
421,2011-09-07,0.025840430281060468
422,2011-09-08,-0.009412087034940935
423,2011-09-09,-0.02363160773844802
424,2011-09-12,0.008031242625115157
425,2011-09-13,0.008875755196894717
426,2011-09-14,0.013655360773265731
427,2011-09-15,0.016567443849269323
428,2011-09-16,0.009007596632755131
429,2011-09-19,-0.006460897542229906
430,2011-09-20,0.0003694623362859808
431,2011-09-21,-0.02519353417040859
432,2011-09-22,-0.03310421307045528
433,2011-09-23,0.009894056670236498
434,2011-09-26,0.021327555152339077
435,2011-09-27,0.009322508023472734
436,2011-09-28,-0.01770269054337182
437,2011-09-29,0.009031636977034177
438,2011-09-30,-0.020209691244018262
439,2011-10-03,-0.02765715841322678
440,2011-10-04,0.01809098616227198
441,2011-10-05,0.012757302641205153
442,2011-10-06,0.017269584296218644
443,2011-10-07,-0.005495042438339727
444,2011-10-10,0.031219911972821666
445,2011-10-11,0.0007881343397118486
446,2011-10-12,0.009806107655274452
447,2011-10-13,0.00011352619477446837
448,2011-10-14,0.011951464389127467
449,2011-10-17,-0.01879384463812758
450,2011-10-18,0.016249287103322206
451,2011-10-19,-0.007666139193075696
452,2011-10-20,0.002491696453673713
453,2011-10-21,0.023668382327386658
454,2011-10-24,0.011101317029041154
455,2011-10-25,-0.01793924729722886
456,2011-10-26,0.008176554288906701
457,2011-10-27,0.03154660220853193
458,2011-10-28,-0.0006973297296957134
459,2011-10-31,-0.020300182409572085
460,2011-11-01,-0.026305792026999467
461,2011-11-02,0.010573013794167845
462,2011-11-03,0.015561519638068868
463,2011-11-04,-0.006901161388067554
464,2011-11-07,0.007684489065820018
465,2011-11-08,0.010446418670719078
466,2011-11-09,-0.03232400385959415
467,2011-11-10,0.007714218473942696
468,2011-11-11,0.019978617281392014
469,2011-11-14,-0.005303524564754487
470,2011-11-15,0.0033257453529456672
471,2011-11-16,-0.020426086443056116
472,2011-11-17,-0.012811619622336238
473,2011-11-18,-0.001260811107708134
474,2011-11-21,-0.020078431945527768
475,2011-11-22,-0.006129259319836222
476,2011-11-23,-0.01842350709506015
477,2011-11-25,-0.00047569609049071833
478,2011-11-28,0.02923665828008713
479,2011-11-29,-0.000435852409343767
480,2011-11-30,0.04488413254283513
481,2011-12-01,-0.001044350064506625
482,2011-12-02,0.00090493493370757
483,2011-12-05,0.01035792194793144
484,2011-12-06,-2.813468635484538e-05
485,2011-12-07,0.005097268470715173
486,2011-12-08,-0.017141083881836328
487,2011-12-09,0.01640550569613514
488,2011-12-12,-0.01556710121414227
489,2011-12-13,-0.008661564140815632
490,2011-12-14,-0.008097216355414943
491,2011-12-15,0.0023053771833299263
492,2011-12-16,0.004257406213636288
493,2011-12-19,-0.011779101770457675
494,2011-12-20,0.025304809123939825
495,2011-12-21,-0.0010143422904528888
496,2011-12-22,0.007757763187185605
497,2011-12-23,0.008956322678032392
498,2011-12-27,-0.0011003944627273018
499,2011-12-28,-0.010145376233518502
500,2011-12-29,0.011192712994739593
501,2011-12-30,-0.00565893818281923
502,2012-01-03,0.014621835817416553
503,2012-01-04,0.0006625341481998012
504,2012-01-05,0.004187285301574733
505,2012-01-06,-0.0010093749119327391
506,2012-01-09,0.002004172897490016
507,2012-01-10,0.007608823242823153
508,2012-01-11,0.00033636020684376614
509,2012-01-12,0.003972207788068182
510,2012-01-13,-0.00722527160992062
511,2012-01-17,0.0042945428335931
512,2012-01-18,0.013966873757013616
513,2012-01-19,0.007012583044250407
514,2012-01-20,0.0034780514435255438
515,2012-01-23,-0.00015856994393810976
516,2012-01-24,-0.0004658871642522551
517,2012-01-25,0.008129309536112185
518,2012-01-26,-0.003980525879157012
519,2012-01-27,-0.002519332325270907
520,2012-01-30,-0.0005942456399627827
521,2012-01-31,0.0010615534379532303
522,2012-02-01,0.007928915036426542
523,2012-02-02,-0.0011731462272082448
524,2012-02-03,0.01168789794115219
525,2012-02-06,0.0008759159014740043
526,2012-02-07,6.425369581780397e-05
527,2012-02-08,0.0018388686960793975
528,2012-02-09,0.003083582247152874
529,2012-02-10,-0.0027438117410019556
530,2012-02-13,0.007552954140698251
531,2012-02-14,0.0010057101260647371
532,2012-02-15,-0.006623857548949683
533,2012-02-16,0.008752824690711373
534,2012-02-17,0.004256518270881527
535,2012-02-21,-0.0008617121686392837
536,2012-02-22,-0.0019329951859889847
537,2012-02-23,0.004312590910366512
538,2012-02-24,0.006518454751164161
539,2012-02-27,0.0018215023133137602
540,2012-02-28,0.004730218358934687
541,2012-02-29,-0.002938102203640034
542,2012-03-01,0.004880526892694881
543,2012-03-02,-0.001370113039198522
544,2012-03-05,-0.002219731021180285
545,2012-03-06,-0.013196477522475391
546,2012-03-07,0.0064520005385345705
547,2012-03-08,0.007241694569101586
548,2012-03-09,0.003968822559336418
549,2012-03-12,0.00031098240347392925
550,2012-03-13,0.01692537843961218
551,2012-03-14,0.0011013156889885022
552,2012-03-15,0.004088531504704839
553,2012-03-16,-0.0019035936829070892
554,2012-03-19,0.004223427080346817
555,2012-03-20,-0.0028946933626185327
556,2012-03-21,-0.0017839881587200265
557,2012-03-22,-0.0033380429481217923
558,2012-03-23,0.0003768619629622755
559,2012-03-26,0.013422517094315054
560,2012-03-27,-0.002855798883878156
561,2012-03-28,-0.003427633851241332
562,2012-03-29,-0.002488170849431046
563,2012-03-30,0.001820500433495888
564,2012-04-02,0.0066724359151081
565,2012-04-03,-0.003251243440558259
566,2012-04-04,-0.010027226750487535
567,2012-04-05,0.0003705693867341417
568,2012-04-09,-0.008909105333938192
569,2012-04-10,-0.01737685795013739
570,2012-04-11,0.009744095822672643
571,2012-04-12,0.011345098915263203
572,2012-04-13,-0.009951076701460898
573,2012-04-16,0.001179676007509062
574,2012-04-17,0.013286144843345525
575,2012-04-18,-0.003783826765563322
576,2012-04-19,-0.0006281677306936523
577,2012-04-20,0.004422972642450302
578,2012-04-23,-0.008802257411231841
579,2012-04-24,-0.0023257247523921255
580,2012-04-25,0.008763992006466355
581,2012-04-26,0.009852173858126353
582,2012-04-27,0.0015234913540655886
583,2012-04-30,-0.0037734360684565055
584,2012-05-01,0.004857303834671824
585,2012-05-02,0.0007311557775567405
586,2012-05-03,-0.007336855237795264
587,2012-05-04,-0.015276282440442154
588,2012-05-07,0.0009878232345937657
589,2012-05-08,-0.005219043476183489
590,2012-05-09,-0.004737667622734149
591,2012-05-10,-0.0023311886336879004
592,2012-05-11,-0.003715996371092243
593,2012-05-14,-0.008805759866910165
594,2012-05-15,-0.0046025388436551715
595,2012-05-16,-0.0037483228355897997
596,2012-05-17,-0.016035578444188896
597,2012-05-18,-0.0004173212060283103
598,2012-05-21,0.012366458062880208
599,2012-05-22,0.004316058195056242
600,2012-05-23,1.715919066568912e-05
601,2012-05-24,0.00037792880720954354
602,2012-05-25,-0.002643337338778664
603,2012-05-29,0.007845992998614944
604,2012-05-30,-0.013468909215252439
605,2012-05-31,-0.004200099068071526
606,2012-06-01,-0.02550835990994427
607,2012-06-04,0.0012742218449998024
608,2012-06-05,0.003953451584840927
609,2012-06-06,0.02359052042651091
610,2012-06-07,0.0008692340714404596
611,2012-06-08,0.010999326478843163
612,2012-06-11,-0.013544691837139688
613,2012-06-12,0.011211953980402277
614,2012-06-13,-0.009192683863779243
615,2012-06-14,0.012082785072075537
616,2012-06-15,0.010935072259701202
617,2012-06-18,0.0020070208919368403
618,2012-06-19,0.004847292778313337
619,2012-06-20,-0.0011170471064583126
620,2012-06-21,-0.01870514875203486
621,2012-06-22,0.010768603972941375
622,2012-06-25,-0.014676562323773077
623,2012-06-26,0.005045064970718969
624,2012-06-27,0.006535001565824705
625,2012-06-28,-0.006100008965575624
626,2012-06-29,0.01901216627024972
627,2012-07-02,0.0015728530836598812
628,2012-07-03,0.00572961491194699
629,2012-07-05,0.0003193290749292511
630,2012-07-06,-0.011048827364947647
631,2012-07-09,-0.002515257745552331
632,2012-07-10,-0.006662778650122586
633,2012-07-11,-0.003025771117231286
634,2012-07-12,-0.003246707048525664
635,2012-07-13,0.01739812074736298
636,2012-07-16,-0.004731300164359241
637,2012-07-17,0.005726372828630288
638,2012-07-18,0.011808866488150258
639,2012-07-19,0.002727800335029607
640,2012-07-20,-0.009853942099254314
641,2012-07-23,-0.007808316969142863
642,2012-07-24,-0.006378625366862198
643,2012-07-25,0.0018786367921025142
644,2012-07-26,0.014205232315068646
645,2012-07-27,0.020863011393134286
646,2012-07-30,-0.002859837722954801
647,2012-07-31,-0.00581069625481884
648,2012-08-01,-0.0028052948113065543
649,2012-08-02,-0.008474639080862913
650,2012-08-03,0.015906673822483654
651,2012-08-06,0.00460656102861426
652,2012-08-07,0.006900891467751878
653,2012-08-08,0.0007182591381478012
654,2012-08-09,-0.0001892525373828144
655,2012-08-10,0.0022650400690517603
656,2012-08-13,0.001966964296510505
657,2012-08-14,-0.00011564809507620604
658,2012-08-15,-0.0005936363026612611
659,2012-08-16,0.005639130953507748
660,2012-08-17,0.002027191145174847
661,2012-08-20,0.0018665397762965266
662,2012-08-21,-0.004152553310879548
663,2012-08-22,-0.000756286265876521
664,2012-08-23,-0.007857651538821833
665,2012-08-24,0.006842610599238437
666,2012-08-27,0.00038648099210899015
667,2012-08-28,-0.0028095633848577773
668,2012-08-29,0.0010296109328152975
669,2012-08-30,-0.008314938213255347
670,2012-08-31,0.0073545275649949905
671,2012-09-04,-0.0011577657302491743
672,2012-09-05,0.000248256362212732
673,2012-09-06,0.018364908675022995
674,2012-09-07,-0.0015327994666571015
675,2012-09-10,-0.005331694217151527
676,2012-09-11,0.004690720935839931
677,2012-09-12,0.0032490915486240606
678,2012-09-13,0.014676641958831218
679,2012-09-14,-0.0005215003650055283
680,2012-09-17,-0.0015760113221979408
681,2012-09-18,0.0005479952704797194
682,2012-09-19,0.0010615137581448065
683,2012-09-20,-9.694336752728464e-05
684,2012-09-21,-0.0011908093425474161
685,2012-09-24,-0.0024858720930508124
686,2012-09-25,-0.00803614657127158
687,2012-09-26,-0.004319901927694215
688,2012-09-27,0.009914163651234244
689,2012-09-28,-0.005691465444637457
690,2012-10-01,0.005376360867469317
691,2012-10-02,-0.00025369198319637876
692,2012-10-03,0.0035150769271853413
693,2012-10-04,0.0073926111346649765
694,2012-10-05,-0.0004037166904972161
695,2012-10-08,-0.0032142104762016978
696,2012-10-09,-0.00789674496353325
697,2012-10-10,-0.00701874756618914
698,2012-10-11,0.0002677604343301845
699,2012-10-12,-0.0002413616047324392
700,2012-10-15,0.008809463415267386
701,2012-10-16,0.00851046791269289
702,2012-10-17,-0.0002209310181540551
703,2012-10-18,0.00045112698698464727
704,2012-10-19,-0.014737187248323982
705,2012-10-22,-0.00026515867502880595
706,2012-10-23,-0.015419495393298963
707,2012-10-24,-0.0020186112024588947
708,2012-10-25,-0.0004586624670877511
709,2012-10-26,5.3879702146374575e-05
710,2012-10-31,-0.0011258649566425183
711,2012-11-01,0.013218925432145128
712,2012-11-02,-0.008989868993446951
713,2012-11-05,-0.0009329357333117506
714,2012-11-06,0.008667348958584283
715,2012-11-07,-0.02325492825661053
716,2012-11-08,-0.011918431537774752
717,2012-11-09,-0.000576314511748968
718,2012-11-12,-0.0004293338904262484
719,2012-11-13,-0.004718971508886188
720,2012-11-14,-0.012744153815563763
721,2012-11-15,-0.0018353351538425323
722,2012-11-16,0.0052989682371141515
723,2012-11-19,0.01962097481425042
724,2012-11-20,9.335170228654465e-05
725,2012-11-21,0.00765480267833017
726,2012-11-23,0.012832071412853856
727,2012-11-26,-0.002541202557793097
728,2012-11-27,-0.00786133570445253
729,2012-11-28,0.008444291633097806
730,2012-11-29,0.0030827062237204442
731,2012-11-30,-0.0010536892414395207
732,2012-12-03,-0.0030950804805723008
733,2012-12-04,-0.001552139086795195
734,2012-12-05,0.003083245836658588
735,2012-12-06,0.004599290229576657
736,2012-12-07,0.0025040689125762437
737,2012-12-10,0.0022910376819793308
738,2012-12-11,0.009284865299181419
739,2012-12-12,-0.001875697986599459
740,2012-12-13,-0.006354514405110251
741,2012-12-14,-0.002146066369999428
742,2012-12-17,0.009144730152856342
743,2012-12-18,0.01045548464711811
744,2012-12-19,-0.007338930996006195
745,2012-12-20,0.0035950439693969547
746,2012-12-21,-0.005788136908574542
747,2012-12-24,-0.0025430110034506672
748,2012-12-26,-0.005377206852036833
749,2012-12-27,-0.001464972364818072
750,2012-12-28,-0.010337735194592215
751,2012-12-31,0.013770533567363321
752,2013-01-02,0.02301234488566823
753,2013-01-03,-0.004474709826649619
754,2013-01-04,0.0017736853141899313
755,2013-01-07,-0.0021493925732858424
756,2013-01-08,-0.003093200317162917
757,2013-01-09,0.005684512543697884
758,2013-01-10,0.005432997421513881
759,2013-01-11,0.0011315604444106678
760,2013-01-14,0.0020446941637358084
761,2013-01-15,0.00022018066884829787
762,2013-01-16,-0.00012714877321510633
763,2013-01-17,0.0044129617526170554
764,2013-01-18,-0.0005155133501192782
765,2013-01-22,0.002060048705605689
766,2013-01-23,0.0016106405819318612
767,2013-01-24,-0.005066006187542679
768,2013-01-25,0.0061393055636104876
769,2013-01-28,0.0022980377039734643
770,2013-01-29,0.005578543209290373
771,2013-01-30,-0.0033916333839019595
772,2013-01-31,-0.0019380618552280527
773,2013-02-01,0.007445765122822315
774,2013-02-04,-0.010308075578500836
775,2013-02-05,0.011526029899119201
776,2013-02-06,0.0011685180512378463
777,2013-02-07,-0.0012445341549013826
778,2013-02-08,0.003857275254997133
779,2013-02-11,-2.2429004031043875e-05
780,2013-02-12,0.0014621476163311949
781,2013-02-13,-0.0020385451333173763
782,2013-02-14,0.0009020336436773253
783,2013-02-15,-0.001048901217159781
784,2013-02-19,0.0046940201224811755
785,2013-02-20,-0.007665500185674129
786,2013-02-21,-0.002222889396896049
787,2013-02-22,0.007903120571725696
788,2013-02-25,-0.015779347775575814
789,2013-02-26,0.005257247872788934
790,2013-02-27,0.012059820918933373
791,2013-02-28,-0.0012880093864617167
792,2013-03-01,0.007617525513802636
793,2013-03-04,0.0025468994227946353
794,2013-03-05,0.006377219768665095
795,2013-03-06,0.0025129536555975975
796,2013-03-07,0.002031580979862089
797,2013-03-08,0.00277368978368564
798,2013-03-11,0.0035207968249499864
799,2013-03-12,-0.0031690221068784237
800,2013-03-13,0.0005533513429496829
801,2013-03-14,0.003556620005670137
802,2013-03-15,-0.0012951384389192709
803,2013-03-18,-0.003284595209204142
804,2013-03-19,-0.0012080549478830453
805,2013-03-20,0.006634599641615291
806,2013-03-21,-0.0060532798871303735
807,2013-03-22,0.014714770968924927
808,2013-03-25,-0.0031466253782687146
809,2013-03-26,0.009320347948949335
810,2013-03-27,-0.0015509372129040328
811,2013-03-28,0.0033730927763033626
812,2013-04-01,-0.004755339793631229
813,2013-04-02,0.009026223065818859
814,2013-04-03,-0.01114989149477122
815,2013-04-04,0.002863856080345956
816,2013-04-05,-0.0024314404502922124
817,2013-04-08,0.006398029343675867
818,2013-04-09,0.0035650305920383566
819,2013-04-10,0.0123973206680162
820,2013-04-11,0.0037268910822214588
821,2013-04-12,0.0014900891526128304
822,2013-04-15,-0.019338901722394216
823,2013-04-16,0.012521621309735527
824,2013-04-17,-0.01107798704435071
825,2013-04-18,-0.005506191493833487
826,2013-04-19,0.009829468754088492
827,2013-04-22,0.002139193096974704
828,2013-04-23,0.009739015850127462
829,2013-04-24,-0.0029626486906487795
830,2013-04-25,0.00403247060993124
831,2013-04-26,0.0007565860727317274
832,2013-04-29,0.005596770200745071
833,2013-04-30,0.0019584700287824156
834,2013-05-01,-0.007708728331980553
835,2013-05-02,0.007957647636170519
836,2013-05-03,0.006382681345881421
837,2013-05-06,0.0020210314699672803
838,2013-05-07,0.005116839672977684
839,2013-05-08,0.003827083792250885
840,2013-05-09,-0.0012491928824250587
841,2013-05-10,0.005603657444006053
842,2013-05-13,-0.00020597874224130336
843,2013-05-14,0.008258348064234627
844,2013-05-15,0.0027669819559887872
845,2013-05-16,0.00022620894813564626
846,2013-05-17,0.00930651691488956
847,2013-05-20,-0.002670722307741935
848,2013-05-21,0.0027756707446958597
849,2013-05-22,-0.0049174078634466175
850,2013-05-23,-0.003489992255660521
851,2013-05-24,-0.0004345138436775487
852,2013-05-28,0.0037394891882219354
853,2013-05-29,-0.0072687967228312975
854,2013-05-30,0.002825457390757241
855,2013-05-31,-0.015288700307271804
856,2013-06-03,0.008403650628890548
857,2013-06-04,-0.00762422445746512
858,2013-06-05,-0.013618020619391236
859,2013-06-06,0.006867064217244621
860,2013-06-07,0.014882968764859146
861,2013-06-10,-0.0015113583393108968
862,2013-06-11,-0.010247120445899604
863,2013-06-12,-0.008207196341437177
864,2013-06-13,0.011223578582914943
865,2013-06-14,-0.0060572480118001
866,2013-06-17,0.007278771474578266
867,2013-06-18,0.008769101977221555
868,2013-06-19,-0.013308976734867228
869,2013-06-20,-0.024682261213588737
870,2013-06-21,0.005398845411839083
871,2013-06-24,-0.011559905680214928
872,2013-06-25,0.0049798600854607696
873,2013-06-26,0.011104420008981377
874,2013-06-27,0.00825043003013134
875,2013-06-28,-0.007544800552660143
876,2013-07-01,0.0021529051897658242
877,2013-07-02,-0.0017518898254628328
878,2013-07-03,0.0037730649138675745
879,2013-07-05,0.00935930910963729
880,2013-07-08,0.0019070611325937425
881,2013-07-09,0.006611504068971421
882,2013-07-10,0.0031805558920519304
883,2013-07-11,0.014475043251340605
884,2013-07-12,0.0020311168785472422
885,2013-07-15,-0.00033615082340117733
886,2013-07-16,-0.0030725733116132954
887,2013-07-17,0.001452484602526569
888,2013-07-18,0.0020416894829642256
889,2013-07-19,-0.004492459455376817
890,2013-07-22,0.00016803226190535134
891,2013-07-23,-0.0015249716736925123
892,2013-07-24,-0.0009360788868671437
893,2013-07-25,0.0038663621645776782
894,2013-07-26,0.0006288545710820683
895,2013-07-29,-0.0005598661445511414
896,2013-07-30,0.0009235481804269151
897,2013-07-31,-0.004247195301190945
898,2013-08-01,0.0136027101536364
899,2013-08-02,0.004059158147300449
900,2013-08-05,-0.0011254366886561513
901,2013-08-06,-0.0038731709204890405
902,2013-08-07,-0.002680885503182844
903,2013-08-08,8.26777138688909e-05
904,2013-08-09,-0.00457830013821569
905,2013-08-12,0.0023978976165610613
906,2013-08-13,0.0036787446485388392
907,2013-08-14,-0.003715934042529643
908,2013-08-15,-0.01633085373811126
909,2013-08-16,-0.001817892468796963
910,2013-08-19,-0.0015669481025028871
911,2013-08-20,0.00011099796208150807
912,2013-08-21,-0.004561879871442606
913,2013-08-22,0.004974454724001723
914,2013-08-23,0.0032897965747998555
915,2013-08-26,-0.002577768277810791
916,2013-08-27,-0.014254638182757184
917,2013-08-28,0.0014603070789359568
918,2013-08-29,0.0045168814305028724
919,2013-08-30,0.00533251857144998
920,2013-09-03,0.0035166121473976524
921,2013-09-04,0.006531794252289971
922,2013-09-05,-5.472116534805795e-05
923,2013-09-06,-0.0013873405654811217
924,2013-09-09,0.009088203990842057
925,2013-09-10,0.009264659445341522
926,2013-09-11,0.004204863124221803
927,2013-09-12,0.0032392776615064026
928,2013-09-13,0.0044045436447990504
929,2013-09-16,0.004886457257952513
930,2013-09-17,0.0019200600006281526
931,2013-09-18,0.011732230055061695
932,2013-09-19,1.126369746011667e-05
933,2013-09-20,-0.0073493268437655685
934,2013-09-23,-0.001076813929352975
935,2013-09-24,-0.0036484049438384003
936,2013-09-25,-0.00425534433606193
937,2013-09-26,0.0033094911233046945
938,2013-09-27,-0.00520736809190399
939,2013-09-30,-0.008152407385638168
940,2013-10-01,0.005657371586954166
941,2013-10-02,-0.002330264065712173
942,2013-10-03,-0.008314976008900335
943,2013-10-04,0.004996868052906013
944,2013-10-07,-0.008170995371361282
945,2013-10-08,-0.010521363689695577
946,2013-10-09,0.0008580348561524642
947,2013-10-10,0.022599828032976117
948,2013-10-11,0.0044555746799261045
949,2013-10-14,0.003236336892862701
950,2013-10-15,-0.007295342901359954
951,2013-10-16,0.014317969213134073
952,2013-10-17,0.005852897651949184
953,2013-10-18,0.0019875965182661205
954,2013-10-21,0.0010719394227033997
955,2013-10-22,0.004543871879119039
956,2013-10-23,-0.004986840468537067
957,2013-10-24,0.003804649817450426
958,2013-10-25,0.00444632596981354
959,2013-10-28,3.807404164791854e-05
960,2013-10-29,0.004219175714158305
961,2013-10-30,-0.004123005558480625
962,2013-10-31,-0.002284441572341901
963,2013-11-01,0.00351899797974722
964,2013-11-04,0.003086985280170589
965,2013-11-05,-0.001400525748971178
966,2013-11-06,0.005302391190239506
967,2013-11-07,-0.009686848461450376
968,2013-11-08,0.012081294622004473
969,2013-11-11,0.001391847909343846
970,2013-11-12,0.0006903306386338483
971,2013-11-13,0.00696722289252289
972,2013-11-14,0.0007877469466399441
973,2013-11-15,0.004417671993602916
974,2013-11-18,-0.0013261335332142115
975,2013-11-19,-0.004775682760209013
976,2013-11-20,-0.002695781607147371
977,2013-11-21,0.006972637080398635
978,2013-11-22,0.003871643172281094
979,2013-11-25,-0.001904109511886389
980,2013-11-26,0.0005741495319607339
981,2013-11-27,0.002466772506165816
982,2013-11-29,0.0008245665623924207
983,2013-12-02,-0.005769741737272045
984,2013-12-03,-0.00201983518317619
985,2013-12-04,-0.0008249646882466224
986,2013-12-05,-0.004565740552714598
987,2013-12-06,0.011183141557186282
988,2013-12-09,0.0012436980629186235
989,2013-12-10,-0.0039959932461363
990,2013-12-11,-0.010169277858822523
991,2013-12-12,-0.008194952306820314
992,2013-12-13,-0.0009246571457846681
993,2013-12-16,0.0052912186067512424
994,2013-12-17,-0.0028276237869568977
995,2013-12-18,0.01743657088133931
996,2013-12-19,-0.0011668564365446504
997,2013-12-20,0.006273246307682989
998,2013-12-23,0.005588132093091669
999,2013-12-24,0.0031918055586658183
1000,2013-12-26,0.0056557442229956895
1001,2013-12-27,-0.0015787076006284174
1002,2013-12-30,0.00254297481827168
1003,2013-12-31,0.003217200316817117
1004,2014-01-02,-0.007131907725665622
1005,2014-01-03,-0.0003908527228174161
1006,2014-01-06,-0.0025493474919157763
1007,2014-01-07,0.007123797309196897
1008,2014-01-08,-0.0007271397016745488
1009,2014-01-09,-0.0010501545695175561
1010,2014-01-10,0.001481385706532801
1011,2014-01-13,-0.006443234845307673
1012,2014-01-14,0.007031261105254062
1013,2014-01-15,0.00966037071885946
1014,2014-01-16,-0.003718442588473535
1015,2014-01-17,-0.0029190825106071155
1016,2014-01-21,-0.0007651581089483273
1017,2014-01-22,-0.0014387292523305136
1018,2014-01-23,-0.009235288951683386
1019,2014-01-24,-0.016594128425462686
1020,2014-01-27,-0.002306333142162017
1021,2014-01-28,0.0003018085777795307
1022,2014-01-29,-0.012425045136622995
1023,2014-01-30,0.009761729395496426
1024,2014-01-31,-0.004778461534502663
1025,2014-02-03,-0.02180525814829913
1026,2014-02-04,0.00577876519807191
1027,2014-02-05,0.0011679134490885288
1028,2014-02-06,0.012172957676331427
1029,2014-02-07,0.010585893594268666
1030,2014-02-10,0.0019456084908564008
1031,2014-02-11,0.011326062744294927
1032,2014-02-12,-0.0010057838758193367
1033,2014-02-13,0.006350414164380696
1034,2014-02-14,0.004550153710810896
1035,2014-02-18,-0.001783573291735356
1036,2014-02-19,-0.006124474746746994
1037,2014-02-20,0.004923300977249477
1038,2014-02-21,-0.0014755696673762544
1039,2014-02-24,0.005142770496087541
1040,2014-02-25,-0.0026506627713360586
1041,2014-02-26,0.001492020400130395
1042,2014-02-27,0.00842424225914884
1043,2014-02-28,0.0010661635222154924
1044,2014-03-03,-0.009402477211193557
1045,2014-03-04,0.014032481559288853
1046,2014-03-05,-0.0005428598461234546
1047,2014-03-06,0.0016571699024878982
1048,2014-03-07,-0.0012315728595743054
1049,2014-03-10,-0.001720713637465258
1050,2014-03-11,-0.0015855278989275292
1051,2014-03-12,0.0008178901757136037
1052,2014-03-13,-0.013588542422219392
1053,2014-03-14,-0.004088016949023856
1054,2014-03-17,0.009713361582133975
1055,2014-03-18,0.006714830532709876
1056,2014-03-19,-0.004720718108775578
1057,2014-03-20,0.0057594852433860404
1058,2014-03-21,-0.004401179285763009
1059,2014-03-24,-0.00272581011803629
1060,2014-03-25,0.008385785876537696
1061,2014-03-26,-0.007217365356989032
1062,2014-03-27,-1.086804763713941e-05
1063,2014-03-28,0.004201708422739067
1064,2014-03-31,0.008951679671668728
1065,2014-04-01,0.006597559385485778
1066,2014-04-02,0.0003243090597690071
1067,2014-04-03,-0.0020792775554274658
1068,2014-04-04,-0.011863750986415915
1069,2014-04-07,-0.007049038857328933
1070,2014-04-08,0.003725300586352587
1071,2014-04-09,0.014284780428233222
1072,2014-04-10,-0.019903449691569874
1073,2014-04-11,-0.011107437506582347
1074,2014-04-14,0.007733146045367416
1075,2014-04-15,0.007991799156462307
1076,2014-04-16,0.008377126880839282
1077,2014-04-17,0.0012939839542566584
1078,2014-04-21,0.001843703205634968
1079,2014-04-22,0.005882199854913776
1080,2014-04-23,-0.003759919848330216
1081,2014-04-24,0.0033027689316594664
1082,2014-04-25,-0.008267689221149377
1083,2014-04-28,0.0042858864637114425
1084,2014-04-29,0.006915877047352444
1085,2014-04-30,0.0026727130677688875
1086,2014-05-01,0.0010991495170036946
1087,2014-05-02,-0.002928147719420493
1088,2014-05-05,0.002303249703149264
1089,2014-05-06,-0.010010465077018017
1090,2014-05-07,0.005176417796371406
1091,2014-05-08,0.0004699966988909183
1092,2014-05-09,0.0024598934037625845
1093,2014-05-12,0.008749330203647272
1094,2014-05-13,7.890198078912843e-05
1095,2014-05-14,-0.005781205243653583
1096,2014-05-15,-0.008294645348581113
1097,2014-05-16,0.003395146870353661
1098,2014-05-19,0.004504482982494811
1099,2014-05-20,-0.00702578523885625
1100,2014-05-21,0.004973529433166559
1101,2014-05-22,0.004406775414676171
1102,2014-05-23,0.004389231217972899
1103,2014-05-27,0.006166093385399397
1104,2014-05-28,-0.0033595593948280832
1105,2014-05-29,0.00684467097969962
1106,2014-05-30,0.0016175251785374204
1107,2014-06-02,0.000800427690611852
1108,2014-06-03,-0.0030751875475420244
1109,2014-06-04,0.003300280425580297
1110,2014-06-05,0.006811386693830521
1111,2014-06-06,0.004438995442565206
1112,2014-06-09,0.0011775600672524838
1113,2014-06-10,0.0029727775558868637
1114,2014-06-11,-0.005140668268781575
1115,2014-06-12,-0.008924858564446279
1116,2014-06-13,0.003462277968299257
1117,2014-06-16,0.00149379447041458
1118,2014-06-17,0.005013399915737296
1119,2014-06-18,0.006518200860417136
1120,2014-06-19,0.0007936373773728287
1121,2014-06-20,0.0008123703991881117
1122,2014-06-23,-0.0004779521844862138
1123,2014-06-24,-0.006585751621959568
1124,2014-06-25,0.005361370757896121
1125,2014-06-26,-0.0024276434754070915
1126,2014-06-27,0.001157981637390847
1127,2014-06-30,-0.0007741963408134962
1128,2014-07-01,0.007308602539776749
1129,2014-07-02,0.0007712362402906678
1130,2014-07-03,0.005332994096596702
1131,2014-07-07,-0.0032704925817581654
1132,2014-07-08,-0.009935978497481564
1133,2014-07-09,0.004592716240622702
1134,2014-07-10,-0.003605088786121421
1135,2014-07-11,0.0009938812059239457
1136,2014-07-14,0.005677459480329989
1137,2014-07-15,-0.0007572838432824756
1138,2014-07-16,0.004444624711601655
1139,2014-07-17,-0.010858676612535902
1140,2014-07-18,0.010866530602873703
1141,2014-07-21,-0.002448757140392468
1142,2014-07-22,0.004440482005184069
1143,2014-07-23,-0.0014375719141156854
1144,2014-07-24,0.0012175962171968005
1145,2014-07-25,-0.0035233702973888883
1146,2014-07-28,-0.0004751742487875937
1147,2014-07-29,-0.0040115551198898584
1148,2014-07-30,0.0015459113693507228
1149,2014-07-31,-0.020405506785708478
1150,2014-08-01,-0.002694465144292349
1151,2014-08-04,0.005994214391419605
1152,2014-08-05,-0.009006511185774595
1153,2014-08-06,-0.0019152647206689968
1154,2014-08-07,-0.005467338254516283
1155,2014-08-08,0.009688687944904998
1156,2014-08-11,0.003242273134092435
1157,2014-08-12,-0.002204141006695207
1158,2014-08-13,0.007880818836969405
1159,2014-08-14,0.004050098031975332
1160,2014-08-15,-0.0008468882064874391
1161,2014-08-18,0.008074132889349038
1162,2014-08-19,0.005139682947281637
1163,2014-08-20,0.0028466607525474926
1164,2014-08-21,0.00225122404834159
1165,2014-08-22,0.0029182544926559524
1166,2014-08-25,0.003353429456104217
1167,2014-08-26,0.0016933136647855201
1168,2014-08-27,0.0015462063830244282
1169,2014-08-28,-0.0023816057869026487
1170,2014-08-29,0.002577492230739462
1171,2014-09-02,-0.0009398048622009488
1172,2014-09-03,-0.0024995210529039896
1173,2014-09-04,0.001004489135911683
1174,2014-09-05,0.005898422824926243
1175,2014-09-08,-0.001594336788160689
1176,2014-09-09,-0.006916927165940394
1177,2014-09-10,0.004800769602525236
1178,2014-09-11,-0.0010016453509776285
1179,2014-09-12,-0.00534939731451333
1180,2014-09-15,-0.00016575952327105544
1181,2014-09-16,0.004835718183350414
1182,2014-09-17,0.0019126618454860687
1183,2014-09-18,0.005291784930175002
1184,2014-09-19,0.0011639103174115144
1185,2014-09-22,-0.007139733154551
1186,2014-09-23,-0.00621556797611598
1187,2014-09-24,0.009791553244951056
1188,2014-09-25,-0.01647233294077098
1189,2014-09-26,0.015459970227142152
1190,2014-09-29,-0.0008958174161586717
1191,2014-09-30,-0.0005687664761416392
1192,2014-10-01,-0.012509786830155372
1193,2014-10-02,-0.00032791868159767827
1194,2014-10-03,0.0127686414658184
1195,2014-10-06,-0.0012593748452657024
1196,2014-10-07,-0.014671462893996531
1197,2014-10-08,0.01878653592698231
1198,2014-10-09,-0.0169833479275423
1199,2014-10-10,-0.008911345922027133
1200,2014-10-13,-0.016755126276159035
1201,2014-10-14,-0.0022537415063310466
1202,2014-10-15,-0.01326127307807639
1203,2014-10-16,-0.0028538960814580424
1204,2014-10-17,0.017392832308295525
1205,2014-10-20,0.003395510162697053
1206,2014-10-21,0.016220699314424374
1207,2014-10-22,-0.0072136359524495215
1208,2014-10-23,0.014649901758876533
1209,2014-10-24,0.009231731861834687
1210,2014-10-27,0.00042446909120018067
1211,2014-10-28,0.012513284299671055
1212,2014-10-29,-0.0004464120439038241
1213,2014-10-30,0.010756535215832913
1214,2014-10-31,0.012927677075547227
1215,2014-11-03,0.0018314370501023047
1216,2014-11-04,0.00015199214709255796
1217,2014-11-05,0.0045668418360710235
1218,2014-11-06,0.0047244103418116745
1219,2014-11-07,0.0019365764838887912
1220,2014-11-10,0.0031970877763979545
1221,2014-11-11,0.00037755826210751305
1222,2014-11-12,0.0003789463179539738
1223,2014-11-13,0.003621333834117319
1224,2014-11-14,0.00035524666371472216
1225,2014-11-17,-0.00017256596181902542
1226,2014-11-18,0.0037220426436235824
1227,2014-11-19,-0.0019466595011174716
1228,2014-11-20,0.0002325898340377274
1229,2014-11-21,0.00352718279680065
1230,2014-11-24,0.0017978202538146137
1231,2014-11-25,4.220941909577119e-05
1232,2014-11-26,0.002821612753458918
1233,2014-11-28,0.005589629713024366
1234,2014-12-01,-0.006404455510689426
1235,2014-12-02,0.002822431386000068
1236,2014-12-03,-0.00017110779535129084
1237,2014-12-04,-0.0005826440225824525
1238,2014-12-05,0.0030462125260841137
1239,2014-12-08,-0.008322800700980676
1240,2014-12-09,-0.004543228864083369
1241,2014-12-10,-0.013348595124105399
1242,2014-12-11,0.004535620591885794
1243,2014-12-12,-0.012936359027690452
1244,2014-12-15,-0.005435799535817856
1245,2014-12-16,-0.009037433134808062
1246,2014-12-17,0.019210310165084656
1247,2014-12-18,0.027289496688683156
1248,2014-12-19,7.13553541623211e-05
1249,2014-12-22,0.007162254066878415
1250,2014-12-23,0.0020576743756844837
1251,2014-12-24,0.00015130671367480155
1252,2014-12-26,0.00347764325970421
1253,2014-12-29,-0.0008155911692621728
1254,2014-12-30,-0.004736230622601523
1255,2014-12-31,-0.009050741373693902
1256,2015-01-02,-0.0012638269099962518
1257,2015-01-05,-0.015881823934341798
1258,2015-01-06,-0.006056644697476349
1259,2015-01-07,0.011493061608886086
1260,2015-01-08,0.017957844618578446
1261,2015-01-09,-0.007843707649590262
1262,2015-01-12,-0.006143854718353047
1263,2015-01-13,-0.0008643265282141104
1264,2015-01-14,-0.010918326952595281
1265,2015-01-15,-0.010206042115628155
1266,2015-01-16,0.011333245151287268
1267,2015-01-20,0.0011689502031670238
1268,2015-01-21,0.0011135737114885593
1269,2015-01-22,0.013516186055977746
1270,2015-01-23,-0.0045927115705139765
1271,2015-01-26,0.0008685982540894059
1272,2015-01-27,-0.020928604888973166
1273,2015-01-28,-0.006113813820475354
1274,2015-01-29,0.014524675144024822
1275,2015-01-30,-0.01763504885244254
1276,2015-02-02,0.012418590807982388
1277,2015-02-03,0.012743115005148235
1278,2015-02-04,-0.0027418050475838365
1279,2015-02-05,0.009594435877741482
1280,2015-02-06,-0.000966478465061514
1281,2015-02-09,-0.005981629745229597
1282,2015-02-10,0.010754006357076745
1283,2015-02-11,0.0012108101930672149
1284,2015-02-12,0.00840395080020294
1285,2015-02-13,0.0032318871607867313
1286,2015-02-17,0.0006036239995282483
1287,2015-02-18,0.0027555163939973937
1288,2015-02-19,-0.0018574621803931198
1289,2015-02-20,0.007328712709799512
1290,2015-02-23,0.00021201801779720253
1291,2015-02-24,0.004035324672848168
1292,2015-02-25,0.001668464530658241
1293,2015-02-26,0.005368873829430739
1294,2015-02-27,-0.003636978077926927
1295,2015-03-02,0.007023170757239349
1296,2015-03-03,-0.0053911463829884945
1297,2015-03-04,-0.0064587332033890655
1298,2015-03-05,0.00038402515241349206
1299,2015-03-06,-0.015505737261783574
1300,2015-03-09,0.007516757054424656
1301,2015-03-10,-0.01790137537403671
1302,2015-03-11,-0.0033249240430635696
1303,2015-03-12,0.014701351876175522
1304,2015-03-13,-0.0064950121822225145
1305,2015-03-16,0.016161355777533512
1306,2015-03-17,-0.0035335134020382207
1307,2015-03-18,0.012479363391733394
1308,2015-03-19,-0.004229675812643694
1309,2015-03-20,0.011326955838224143
1310,2015-03-23,-0.002630145783403864
1311,2015-03-24,-0.0051897279241429175
1312,2015-03-25,-0.016470211186767822
1313,2015-03-26,-0.0022256879225808456
1314,2015-03-27,0.003616914415054673
1315,2015-03-30,0.011372059682730458
1316,2015-03-31,-0.009605202412184512
1317,2015-04-01,-0.006373244867887156
1318,2015-04-02,0.003846541001947223
1319,2015-04-06,0.00806216563256702
1320,2015-04-07,0.00028167755657938965
1321,2015-04-08,0.00261074240968818
1322,2015-04-09,0.003417617972528572
1323,2015-04-10,0.004342529340968659
1324,2015-04-13,-0.0043625166521031
1325,2015-04-14,0.0018389967672036414
1326,2015-04-15,0.005176852800989157
1327,2015-04-16,0.0006644483878444176
1328,2015-04-17,-0.016548256341935623
1329,2015-04-20,0.011626377647753068
1330,2015-04-21,-0.002054347919006525
1331,2015-04-22,0.006297063730273971
1332,2015-04-23,0.0015712964119640048
1333,2015-04-24,0.005626056938113595
1334,2015-04-27,-0.002005345156748642
1335,2015-04-28,0.003946066585108279
1336,2015-04-29,0.0019876788783388796
1337,2015-04-30,-0.010541082360281853
1338,2015-05-01,0.010786068582893521
1339,2015-05-04,0.0007719307807333225
1340,2015-05-05,-0.006861432931890645
1341,2015-05-06,-0.0025856407876772634
1342,2015-05-07,0.004848595965313235
1343,2015-05-08,0.011870376287427448
1344,2015-05-11,-0.005109830840489322
1345,2015-05-12,-0.0021678826321837583
1346,2015-05-13,0.0016928055318851487
1347,2015-05-14,0.011894177703491946
1348,2015-05-15,0.0013840212558274838
1349,2015-05-18,0.0023142055929931617
1350,2015-05-19,-0.002306401661012634
1351,2015-05-20,-0.0024492790376119083
1352,2015-05-21,0.0022743558402656713
1353,2015-05-22,-0.0010168380257566953
1354,2015-05-26,-0.010366150258098424
1355,2015-05-27,0.007137329919919386
1356,2015-05-28,-0.0032735765518545766
1357,2015-05-29,-0.0044183676327704344
1358,2015-06-01,0.0012290345955281272
1359,2015-06-02,-0.0014693537049672383
1360,2015-06-03,0.0017539286600491426
1361,2015-06-04,-0.010305986813658638
1362,2015-06-05,-0.004196613121005655
1363,2015-06-08,-0.006386449983343787
1364,2015-06-09,0.000547791263505216
1365,2015-06-10,0.013031144498422015
1366,2015-06-11,0.0005069747748138078
1367,2015-06-12,-0.008485556259889927
1368,2015-06-15,-0.004473268062768692
1369,2015-06-16,0.007392579422958931
1370,2015-06-17,0.003227327780178654
1371,2015-06-18,0.011040703486859186
1372,2015-06-19,-0.004993227970548836
1373,2015-06-22,0.0044172579280654465
1374,2015-06-23,0.00017067519511644065
1375,2015-06-24,-0.008481438289708296
1376,2015-06-25,-0.002787558159080472
1377,2015-06-26,0.0010367689223452652
1378,2015-06-29,-0.02095252379739048
1379,2015-06-30,0.00013625037875459413
1380,2015-07-01,0.00826971438287937
1381,2015-07-02,-0.0003216861341660199
1382,2015-07-06,-0.0034823906095709863
1383,2015-07-07,0.0069618651528909805
1384,2015-07-08,-0.014180116545429926
1385,2015-07-09,0.001681763721896015
1386,2015-07-10,0.014007334712613624
1387,2015-07-13,0.010850537543188196
1388,2015-07-14,0.004625702461077539
1389,2015-07-15,-0.0004185228865441588
1390,2015-07-16,0.006789411417537735
1391,2015-07-17,-0.001234584391584574
1392,2015-07-20,0.0016717307082626694
1393,2015-07-21,-0.005446652876254523
1394,2015-07-22,-0.004522375526680848
1395,2015-07-23,-0.0065654883612443005
1396,2015-07-24,-0.00629869666446528
1397,2015-07-27,-0.006913395454423986
1398,2015-07-28,0.013403709168898569
1399,2015-07-29,0.007844753456376917
1400,2015-07-30,-0.0007726420442678541
1401,2015-07-31,4.4983435387677964e-05
1402,2015-08-03,-0.004365927021493063
1403,2015-08-04,-0.0026498676675785105
1404,2015-08-05,0.0034923357720722716
1405,2015-08-06,-0.010544530067992431
1406,2015-08-07,-0.0024894439700181726
1407,2015-08-10,0.012372206790706
1408,2015-08-11,-0.009900871940074017
1409,2015-08-12,0.0023455572997132185
1410,2015-08-13,0.0006627358510025693
1411,2015-08-14,0.003911508840837302
1412,2015-08-17,0.003030453709100254
1413,2015-08-18,-0.003906740978218602
1414,2015-08-19,-0.009383548576813276
1415,2015-08-20,-0.020994101737117344
1416,2015-08-21,-0.02981502072055508
1417,2015-08-24,-0.03723877465180264
1418,2015-08-25,-0.014195489398354817
1419,2015-08-26,0.043886139548580165
1420,2015-08-27,0.022286519803107013
1421,2015-08-28,-0.0005422291116717208
1422,2015-08-31,-0.007363662976823316
1423,2015-09-01,-0.027815700194277208
1424,2015-09-02,0.017560762778404067
1425,2015-09-03,0.001639822415751129
1426,2015-09-04,-0.016252715517525704
1427,2015-09-08,0.026521711789801807
1428,2015-09-09,-0.01572923267403596
1429,2015-09-10,0.0055010345993901765
1430,2015-09-11,0.005148392058897913
1431,2015-09-14,-0.0028109522492188108
1432,2015-09-15,0.013731607556665958
1433,2015-09-16,0.006790459523054491
1434,2015-09-17,-0.0025692100069492855
1435,2015-09-18,-0.018558442100841687
1436,2015-09-21,0.0060476792141445435
1437,2015-09-22,-0.010212319545267577
1438,2015-09-23,-0.0012713602401055574
1439,2015-09-24,-0.0052850888381807395
1440,2015-09-25,0.004909004181731779
1441,2015-09-28,-0.021184171267000493
1442,2015-09-29,0.0031414698200711534
1443,2015-09-30,0.015942365162288256
1444,2015-10-01,0.002443230483492463
1445,2015-10-02,0.01311918607622232
1446,2015-10-05,0.01926688544419466
1447,2015-10-06,-0.004482371018391315
1448,2015-10-07,0.008015258150733215
1449,2015-10-08,0.007444429971010925
1450,2015-10-09,0.003002004946619081
1451,2015-10-12,0.002662129633581822
1452,2015-10-13,-0.0038773080250161895
1453,2015-10-14,-0.010476187833146721
1454,2015-10-15,0.01309239220183099
1455,2015-10-16,0.0029878538180575327
1456,2015-10-19,0.0019108874893777835
1457,2015-10-20,0.0010131577012833888
1458,2015-10-21,-0.005232996298904789
1459,2015-10-22,0.01886079703467245
1460,2015-10-23,0.010965014271072552
1461,2015-10-26,-0.0007846003360289707
1462,2015-10-27,0.0013208943710995586
1463,2015-10-28,0.006673224993811381
1464,2015-10-29,-0.002358129065216525
1465,2015-10-30,-0.003110954399882771
1466,2015-11-02,0.009156920256002492
1467,2015-11-03,0.004758775993653546
1468,2015-11-04,-0.0022427690323611497
1469,2015-11-05,-0.00024617079016805385
1470,2015-11-06,0.0013620452500916539
1471,2015-11-09,-0.009977386058964437
1472,2015-11-10,0.0012321901290238506
1473,2015-11-11,-0.003927511763003124
1474,2015-11-12,-0.013772942967924291
1475,2015-11-13,-0.012948915943746656
1476,2015-11-16,0.015166973717134217
1477,2015-11-17,0.0035612858398426065
1478,2015-11-18,0.014927587412168583
1479,2015-11-19,0.0043912020608134015
1480,2015-11-20,0.0028877338376057816
1481,2015-11-23,-0.0006461834396521243
1482,2015-11-24,-9.630443400066523e-05
1483,2015-11-25,-0.00021626890852614338
1484,2015-11-27,0.0003442477823438386
1485,2015-11-30,-0.005358529991596956
1486,2015-12-01,0.00953866252909557
1487,2015-12-02,-0.007622737315359461
1488,2015-12-03,-0.013173133890334345
1489,2015-12-04,0.022896704877386393
1490,2015-12-07,-0.005435645393151799
1491,2015-12-08,-0.008072533681451395
1492,2015-12-09,-0.00752628947083353
1493,2015-12-10,0.003818443250397495
1494,2015-12-11,-0.018820813899850387
1495,2015-12-14,0.008902228291601505
1496,2015-12-15,0.007758890488676614
1497,2015-12-16,0.017372698834969832
1498,2015-12-17,-0.013801311082464832
1499,2015-12-18,-0.019213022882046127
1500,2015-12-21,0.008132904254002059
1501,2015-12-22,0.009166025320316516
1502,2015-12-23,0.00940231582007883
1503,2015-12-24,-0.0041286616942049735
1504,2015-12-28,-0.0008855908457657165
1505,2015-12-29,0.01199904421655511
1506,2015-12-30,-0.006186672424266518
1507,2015-12-31,-0.01071713067030657
1508,2016-01-04,-0.01558379139999208
1509,2016-01-05,-0.00018976445105361333
1510,2016-01-06,-0.01543571980388798
1511,2016-01-07,-0.022325001796166657
1512,2016-01-08,-0.010734878280016836
1513,2016-01-11,0.0027615006844599554
1514,2016-01-12,0.007895926524773136
1515,2016-01-13,-0.02189483550440669
1516,2016-01-14,0.014010687407356996
1517,2016-01-15,-0.025756040401648226
1518,2016-01-19,0.002741971140222738
1519,2016-01-20,-0.011907128289141405
1520,2016-01-21,0.006609726537958557
1521,2016-01-22,0.01512058421587219
1522,2016-01-25,-0.01135915145602131
1523,2016-01-26,0.013482441981886925
1524,2016-01-27,-0.012182153203624545
1525,2016-01-28,0.0018476826029861877
1526,2016-01-29,0.027985561238537685
1527,2016-02-01,0.0001686251089481755
1528,2016-02-02,-0.021081441418025704
1529,2016-02-03,0.009742070378752769
1530,2016-02-04,0.0016376685202759663
1531,2016-02-05,-0.021076360436024188
1532,2016-02-08,-0.016533281630331673
1533,2016-02-09,0.0031439855743998386
1534,2016-02-10,-0.001767662328921965
1535,2016-02-11,-0.01023022813531792
1536,2016-02-12,0.017520159796851183
1537,2016-02-16,0.01119565077181747
1538,2016-02-17,0.019452913383330342
1539,2016-02-18,-0.005567650507527668
1540,2016-02-19,0.0012784121366753475
1541,2016-02-22,0.011420056339496984
1542,2016-02-23,-0.011070508197389011
1543,2016-02-24,0.001976841862523156
1544,2016-02-25,0.017431726794388615
1545,2016-02-26,-0.004487140527776164
1546,2016-02-29,-0.00795374137192671
1547,2016-03-01,0.02444219860502178
1548,2016-03-02,0.0015863070397401356
1549,2016-03-03,0.002998318710085537
1550,2016-03-04,0.002114703425084451
1551,2016-03-07,0.0022929687128530837
1552,2016-03-08,-0.005329822445588393
1553,2016-03-09,0.004973762927812783
1554,2016-03-10,-0.0008060692816234435
1555,2016-03-11,0.012516861217995976
1556,2016-03-14,0.0010750006719627235
1557,2016-03-15,0.0019519461650889887
1558,2016-03-16,0.004898167422707468
1559,2016-03-17,0.007426626096004781
1560,2016-03-18,0.008112419304679307
1561,2016-03-21,0.002543419230683726
1562,2016-03-22,-5.7153242975795916e-05
1563,2016-03-23,-0.00582333907708385
1564,2016-03-24,0.0019154027156892818
1565,2016-03-28,-0.00045619150667044334
1566,2016-03-29,0.0070634427806017825
1567,2016-03-30,0.007098353459717331
1568,2016-03-31,-0.0010908715866433758
1569,2016-04-01,0.009828031969913924
1570,2016-04-04,-0.00370372883282568
1571,2016-04-05,-0.008603705394672865
1572,2016-04-06,0.00736080091488944
1573,2016-04-07,-0.012302695859033904
1574,2016-04-08,0.0016709854601048982
1575,2016-04-11,-0.002384420189796986
1576,2016-04-12,0.008512597598497165
1577,2016-04-13,0.01179712389130597
1578,2016-04-14,0.0009063793586203238
1579,2016-04-15,-0.0018699773587170208
1580,2016-04-18,0.008332773903126048
1581,2016-04-19,0.002890205645883631
1582,2016-04-20,-0.0003618801499593953
1583,2016-04-21,-0.003445782292992825
1584,2016-04-22,-0.0012486445769883745
1585,2016-04-25,-0.0011056334007468276
1586,2016-04-26,0.0005530359033239214
1587,2016-04-27,0.0017458283362764035
1588,2016-04-28,-0.010691354279975971
1589,2016-04-29,-0.006725333175467725
1590,2016-05-02,0.008180652172332954
1591,2016-05-03,-0.0072958956351536555
1592,2016-05-04,-0.0041529450637814965
1593,2016-05-05,-0.0007723201011837277
1594,2016-05-06,0.001986986526369796
1595,2016-05-09,0.0012298119123621905
1596,2016-05-10,0.011526167759213755
1597,2016-05-11,-0.01201801630886368
1598,2016-05-12,-0.0001648036494399598
1599,2016-05-13,-0.008299394422633657
1600,2016-05-16,0.008972503266085338
1601,2016-05-17,-0.012705957520286025
1602,2016-05-18,0.0005141364508816869
1603,2016-05-19,0.002595954479492472
1604,2016-05-20,0.004793980057113828
1605,2016-05-23,-0.0013405204801035216
1606,2016-05-24,0.012421265664543163
1607,2016-05-25,0.008947004872626254
1608,2016-05-26,-0.0008061135850080522
1609,2016-05-27,0.002813457091693642
1610,2016-05-31,-0.0017527700168240403
1611,2016-06-01,7.745680711417024e-05
1612,2016-06-02,0.001948606592655891
1613,2016-06-03,-0.0032039599259852925
1614,2016-06-06,0.005949112217546106
1615,2016-06-07,0.002159011129500014
1616,2016-06-08,0.0032974374930639203
1617,2016-06-09,-0.0009739121175419247
1618,2016-06-10,-0.002590202869828818
1619,2016-06-13,-0.005903333654210936
1620,2016-06-14,-0.0025656178679681297
1621,2016-06-15,-0.0016536027663408967
1622,2016-06-16,0.004176228454357063
1623,2016-06-17,-0.0050886682505471535
1624,2016-06-20,0.005835961945989244
1625,2016-06-21,0.003390794766070912
1626,2016-06-22,-0.0021916950733729254
1627,2016-06-23,0.012056622818924414
1628,2016-06-24,-0.032731496809229516
1629,2016-06-27,-0.01641193454943914
1630,2016-06-28,0.016542851185222775
1631,2016-06-29,0.017072162566026967
1632,2016-06-30,0.011773888761257364
1633,2016-07-01,0.0016742491067252277
1634,2016-07-05,-0.006219700378122706
1635,2016-07-06,0.004815584936320525
1636,2016-07-07,-0.001608208159543904
1637,2016-07-08,0.01444404799734388
1638,2016-07-11,0.004516463644227374
1639,2016-07-12,0.005735751701141536
1640,2016-07-13,9.733371909089685e-05
1641,2016-07-14,0.005001389422701942
1642,2016-07-15,-8.3472147353062e-05
1643,2016-07-18,0.0003608797751934926
1644,2016-07-19,1.4988197276033006e-05
1645,2016-07-20,0.005210395093899697
1646,2016-07-21,-0.005973520210040969
1647,2016-07-22,0.004006680294911498
1648,2016-07-25,-0.004051315141942538
1649,2016-07-26,-0.0012377431958167679
1650,2016-07-27,0.0014407444531519742
1651,2016-07-28,0.00020491828115620057
1652,2016-07-29,-0.000683433865972803
1653,2016-08-01,-2.8468745549403273e-06
1654,2016-08-02,-0.004966900883233415
1655,2016-08-03,0.0015901882346409594
1656,2016-08-04,0.0008485196472958407
1657,2016-08-05,0.013903226445958844
1658,2016-08-08,-0.0015427496990424393
1659,2016-08-09,-0.0006223417523480501
1660,2016-08-10,-0.0018224653818301561
1661,2016-08-11,0.00791706508761359
1662,2016-08-12,-0.0010347038915797509
1663,2016-08-15,0.002287877697215712
1664,2016-08-16,-0.005699620623502421
1665,2016-08-17,-0.001466232793941829
1666,2016-08-18,0.0018201651621972677
1667,2016-08-19,-0.0020076293575398588
1668,2016-08-22,-0.0006675634672474397
1669,2016-08-23,0.001981054503147608
1670,2016-08-24,-0.004908850367368836
1671,2016-08-25,-0.000245335916405886
1672,2016-08-26,-0.002442638149123288
1673,2016-08-29,0.004990979964475778
1674,2016-08-30,-0.003026469915111075
1675,2016-08-31,-0.0022445987880371555
1676,2016-09-01,-0.0017465679134598484
1677,2016-09-02,0.003236838551453701
1678,2016-09-06,0.0025179867294212355
1679,2016-09-07,-0.00029590753976853617
1680,2016-09-08,-0.004272250887230248
1681,2016-09-09,-0.018936007323717436
1682,2016-09-12,0.014931676805157886
1683,2016-09-13,-0.014686040115616207
1684,2016-09-14,-3.564828510407253e-05
1685,2016-09-15,0.010240593605009249
1686,2016-09-16,-0.00407343399812469
1687,2016-09-19,-0.00288077008585288
1688,2016-09-20,0.0014404906225681422
1689,2016-09-21,0.009095957718256603
1690,2016-09-22,0.006230581959425605
1691,2016-09-23,-0.008723169040589642
1692,2016-09-26,-0.009479140460535166
1693,2016-09-27,0.007230479928527744
1694,2016-09-28,0.0058534259825057215
1695,2016-09-29,-0.010661645959282639
1696,2016-09-30,0.008688682114149481
1697,2016-10-03,-0.0033023557620519128
1698,2016-10-04,-0.0024432614473728744
1699,2016-10-05,0.00018888823614747783
1700,2016-10-06,-0.000830507842928111
1701,2016-10-07,-0.003317441449207404
1702,2016-10-10,0.006622511106484449
1703,2016-10-11,-0.013727462819795193
1704,2016-10-12,0.0007915404583774743
1705,2016-10-13,-0.0033010891840860894
1706,2016-10-14,0.0029879123699435113
1707,2016-10-17,-0.0041061432613186425
1708,2016-10-18,0.0019042103169803724
1709,2016-10-19,0.00016585022209177536
1710,2016-10-20,0.0010369064775501342
1711,2016-10-21,0.001816434742613763
1712,2016-10-24,0.0044281794959245705
1713,2016-10-25,-0.0033515484349893663
1714,2016-10-26,0.0003488630141115877
1715,2016-10-27,-0.0017714728446969982
1716,2016-10-28,-0.0015807883998882044
1717,2016-10-31,5.219314559966057e-05
1718,2016-11-01,-0.004166210600353742
1719,2016-11-02,-0.004860860835060383
1720,2016-11-03,-0.00380002217241521
1721,2016-11-04,-0.0019939557583164903
1722,2016-11-07,0.02094318986782258
1723,2016-11-08,0.0033968338473948432
1724,2016-11-09,0.015674549582686194
1725,2016-11-10,0.00012892234382250387
1726,2016-11-11,0.0029570310559403606
1727,2016-11-14,-0.0019012866409095501
1728,2016-11-15,0.006758158784004804
1729,2016-11-16,-0.002282478226242611
1730,2016-11-17,0.0035457086971122697
1731,2016-11-18,-0.00015480192251805333
1732,2016-11-21,0.0035621690084068976
1733,2016-11-22,0.0009698691358738462
1734,2016-11-23,0.0015796604306904604
1735,2016-11-25,0.0038828207283192525
1736,2016-11-28,-0.0025527691403054525
1737,2016-11-29,-0.00010480825653578252
1738,2016-11-30,-0.006262189260395988
1739,2016-12-01,-0.00205660032369023
1740,2016-12-02,0.00040455712201567875
1741,2016-12-05,0.004893549667844347
1742,2016-12-06,0.001856285500114728
1743,2016-12-07,0.01457834718080932
1744,2016-12-08,0.0013408659005961503
1745,2016-12-09,0.006610119669918546
1746,2016-12-12,0.0023611859239372223
1747,2016-12-13,0.008227422173301292
1748,2016-12-14,-0.005889338559856645
1749,2016-12-15,0.0027161008790776565
1750,2016-12-16,-0.0024849007042893403
1751,2016-12-19,0.0014531985196310757
1752,2016-12-20,0.0037417285927756508
1753,2016-12-21,-0.002343605717601842
1754,2016-12-22,-0.0027580057323640036
1755,2016-12-23,0.0009112284817964049
1756,2016-12-27,0.0006273413221298611
1757,2016-12-28,-0.0067504664025111695
1758,2016-12-29,0.00013300784814907637
1759,2016-12-30,-0.004292229848614965
1760,2017-01-03,0.007645919205183409
1761,2017-01-04,0.004493777084719028
1762,2017-01-05,-0.0005072243905734071
1763,2017-01-06,0.0038524446719087444
1764,2017-01-09,-0.001810939168430311
1765,2017-01-10,-0.0005782631064497545
1766,2017-01-11,0.004931889731179925
1767,2017-01-12,-0.002975257435870364
1768,2017-01-13,0.0007221261790831177
1769,2017-01-17,-0.002337854255604364
1770,2017-01-18,-0.0010085605781949081
1771,2017-01-19,-0.00449717677457614
1772,2017-01-20,0.0056787492232405375
1773,2017-01-23,-0.0016298411378831523
1774,2017-01-24,0.00281568584183273
1775,2017-01-25,0.007395056483227989
1776,2017-01-26,-0.0008329691079513182
1777,2017-01-27,0.001384524044978471
1778,2017-01-30,-0.0039830282464580575
1779,2017-01-31,-0.002967321709245924
1780,2017-02-01,-0.0011749416130807187
1781,2017-02-02,0.0023048207471366364
1782,2017-02-03,0.007751130772613314
1783,2017-02-06,-0.0006043297337871143
1784,2017-02-07,0.002651558360914821
1785,2017-02-08,0.001471932401758162
1786,2017-02-09,0.005528209213970818
1787,2017-02-10,0.003087614316885839
1788,2017-02-13,0.005828270128951892
1789,2017-02-14,0.004124266674491054
1790,2017-02-15,0.00570073373837365
1791,2017-02-16,0.001722614507914873
1792,2017-02-17,0.0014662139857008105
1793,2017-02-21,0.005371165071081558
1794,2017-02-22,9.708726804473712e-05
1795,2017-02-23,0.0012209819545067947
1796,2017-02-24,0.0020400931119823316
1797,2017-02-27,-0.0003598921270520808
1798,2017-02-28,-0.001805058640038463
1799,2017-03-01,0.013490130016396365
1800,2017-03-02,-0.005176866694264028
1801,2017-03-03,-0.0014366542163502046
1802,2017-03-06,-0.0016037143418780172
1803,2017-03-07,-0.0016035826805978343
1804,2017-03-08,-0.0022812115659987192
1805,2017-03-09,0.0007523754588580787
1806,2017-03-10,0.0035651537454038347
1807,2017-03-13,-0.0018833334744591998
1808,2017-03-14,-0.001431979580497149
1809,2017-03-15,0.005379863907656164
1810,2017-03-16,-0.0010139657968973926
1811,2017-03-17,-0.0027672773167331088
1812,2017-03-20,0.001261051929028047
1813,2017-03-21,-0.009597252776821477
1814,2017-03-22,-0.0015870416405175949
1815,2017-03-23,-0.00020697806078215434
1816,2017-03-24,-0.000963568556588545
1817,2017-03-27,-0.0018006587103434539
1818,2017-03-28,0.005403185282243121
1819,2017-03-29,-0.0008632095790663626
1820,2017-03-30,0.0018679122388749181
1821,2017-03-31,-0.001795130929269043
1822,2017-04-03,-0.000743086818222853
1823,2017-04-04,0.0018683255171902727
1824,2017-04-05,-0.0009045973426335983
1825,2017-04-06,0.00012242312175773424
1826,2017-04-07,-2.0341378256262792e-07
1827,2017-04-10,-0.00024850950651465764
1828,2017-04-11,-0.00039199799533758334
1829,2017-04-12,-0.0010861837210148011
1830,2017-04-13,-0.006113272698900735
1831,2017-04-17,0.008694951493226803
1832,2017-04-18,-0.002229611709025317
1833,2017-04-19,-0.0042237232645786285
1834,2017-04-20,0.007695967111672536
1835,2017-04-21,-0.001783621205962804
1836,2017-04-24,0.008093424390205696
1837,2017-04-25,0.008573350856277872
1838,2017-04-26,-0.00039840330709386794
1839,2017-04-27,0.0003343245530164707
1840,2017-04-28,-0.0019932934169901327
1841,2017-05-01,-0.000856527862142369
1842,2017-05-02,0.000986086120235511
1843,2017-05-03,7.893693591734409e-05
1844,2017-05-04,-0.0002354522993940254
1845,2017-05-05,0.0017515524186313832
1846,2017-05-08,0.00025704408327901997
1847,2017-05-09,-0.0007155010074511682
1848,2017-05-10,-0.0006978673798584224
1849,2017-05-11,-0.0024157937204988245
1850,2017-05-12,1.4760939302890786e-05
1851,2017-05-15,0.0035306847677623373
1852,2017-05-16,-0.001507970747137043
1853,2017-05-17,-0.0176417708538298
1854,2017-05-18,0.002669936355897011
1855,2017-05-19,0.005078369348354674
1856,2017-05-22,0.0048441934499077405
1857,2017-05-23,0.0014200731589375194
1858,2017-05-24,0.002478286933918316
1859,2017-05-25,0.004771344497749965
1860,2017-05-26,-0.0005518835112507187
1861,2017-05-30,-0.002148074199599029
1862,2017-05-31,-0.001021596545246831
1863,2017-06-01,0.0059798357814317
1864,2017-06-02,0.004245732068812672
1865,2017-06-05,-0.00012737554900846585
1866,2017-06-06,-0.0029354843368148346
1867,2017-06-07,0.00190364777447678
1868,2017-06-08,-3.2962813641329185e-05
1869,2017-06-09,-0.00042410703007340824
1870,2017-06-12,-0.0018579291887509685
1871,2017-06-13,0.004426969579915087
1872,2017-06-14,0.0015635087795857973
1873,2017-06-15,-0.002455274665982477
1874,2017-06-16,-0.004135890362308901
1875,2017-06-19,0.008541674995941747
1876,2017-06-20,-0.00401477650400969
1877,2017-06-21,-0.001949118309142177
1878,2017-06-22,-0.0011593491926487336
1879,2017-06-23,0.0007986176947805752
1880,2017-06-26,0.001992181354490256
1881,2017-06-27,-0.005306107843963686
1882,2017-06-28,0.008266778277100964
1883,2017-06-29,-0.007892087887020293
1884,2017-06-30,0.004448135240994113
1885,2017-07-03,0.0018932774395473985
1886,2017-07-05,0.0014363793115373278
1887,2017-07-06,-0.0076301460487339795
1888,2017-07-07,0.005512523631879521
1889,2017-07-10,-0.0010163162285733046
1890,2017-07-11,-0.00038631626164878385
1891,2017-07-12,0.00605142773250883
1892,2017-07-13,0.0011825388090099134
1893,2017-07-14,0.005052022946471361
1894,2017-07-17,-2.4671879688899976e-05
1895,2017-07-18,-0.001044835069027944
1896,2017-07-19,0.0047126343746461625
1897,2017-07-20,0.0006000889587350692
1898,2017-07-21,-0.0018453307318993936
1899,2017-07-24,-0.001031190751101163
1900,2017-07-25,0.00869834979841931
1901,2017-07-26,-0.00013326971103965938
1902,2017-07-27,0.006517161960815349
1903,2017-07-28,0.0028792273999055057
1904,2017-07-31,0.0030810340472945054
1905,2017-08-01,0.0051742402881242095
1906,2017-08-02,0.0016674435251393719
1907,2017-08-03,8.868472262712644e-05
1908,2017-08-04,0.0011397759175767394
1909,2017-08-07,0.0015261742471458536
1910,2017-08-08,-0.0014526601901509743
1911,2017-08-09,-0.002562825621489901
1912,2017-08-10,-0.011286395317497006
1913,2017-08-11,0.002083930228932864
1914,2017-08-14,0.00829756541736666
1915,2017-08-15,0.0007774064437606091
1916,2017-08-16,0.0019031801220932884
1917,2017-08-17,-0.01290566161335849
1918,2017-08-18,-0.005876913638125811
1919,2017-08-21,0.0023357662385054116
1920,2017-08-22,0.008704742936024645
1921,2017-08-23,-0.0036495041114336635
1922,2017-08-24,-0.00015993608620651638
1923,2017-08-25,0.0024709517403012616
1924,2017-08-28,-0.0007105911127868102
1925,2017-08-29,-0.0002926510590930888
1926,2017-08-30,0.0013379961734294157
1927,2017-08-31,0.0034228914539454407
1928,2017-09-01,0.0017251375939491933
1929,2017-09-05,-0.005253353791183631
1930,2017-09-06,0.0025458767688799513
1931,2017-09-07,-0.0014119351213429281
1932,2017-09-08,-0.0013542876276376366
1933,2017-09-11,0.01186281046850719
1934,2017-09-12,0.0019056878606063382
1935,2017-09-13,-0.0002675612386344376
1936,2017-09-14,-0.0006781776616581976
1937,2017-09-15,0.003312326604829723
1938,2017-09-18,0.0013655152260347012
1939,2017-09-19,0.0023735976668309263
1940,2017-09-20,-0.0007684554071550303
1941,2017-09-21,-0.0030423846022323412
1942,2017-09-22,0.0009906601874266415
1943,2017-09-25,-0.004393652681798659
1944,2017-09-26,-7.931859094078059e-05
1945,2017-09-27,0.00022796603952100102
1946,2017-09-28,0.0015001063937227026
1947,2017-09-29,0.0014523828595413347
1948,2017-10-02,0.005310666421456085
1949,2017-10-03,0.004269110650426948
1950,2017-10-04,0.0014371528729612943
1951,2017-10-05,0.004294702043011063
1952,2017-10-06,-0.0027769743731519744
1953,2017-10-09,-0.0002930411963407521
1954,2017-10-10,0.002991401534753954
1955,2017-10-11,-0.00012814969744479965
1956,2017-10-12,-0.0014313833596712833
1957,2017-10-13,0.0028060658749398592
1958,2017-10-16,0.002247214032694087
1959,2017-10-17,0.0026660558451383496
1960,2017-10-18,0.006059391585294883
1961,2017-10-19,-0.000391765889863203
1962,2017-10-20,0.004354960658559761
1963,2017-10-23,-0.0017797736767474054
1964,2017-10-24,0.00379614205323162
1965,2017-10-25,-0.00036781538572194274
1966,2017-10-26,0.0016512952654353524
1967,2017-10-27,-0.004372760162218161
1968,2017-10-30,-0.006166813174340215
1969,2017-10-31,0.001840856154636009
1970,2017-11-01,0.0031649403467854955
1971,2017-11-02,0.0018003968837569705
1972,2017-11-03,0.002955817520194972
1973,2017-11-06,-0.0003332828387360604
1974,2017-11-07,0.0031889717593368097
1975,2017-11-08,0.0034723323288259364
1976,2017-11-09,-0.0031992149218271447
1977,2017-11-10,8.672909072372369e-05
1978,2017-11-13,0.0005685754864031485
1979,2017-11-14,0.0007494176498748649
1980,2017-11-15,-0.00572856372815855
1981,2017-11-16,0.014353409289788854
1982,2017-11-17,-0.00289367168212558
1983,2017-11-20,0.002335078717797727
1984,2017-11-21,0.006578391432055017
1985,2017-11-22,-0.001777242755688985
1986,2017-11-24,0.00015730130090846543
1987,2017-11-27,0.0002879194440945892
1988,2017-11-28,0.010230231766167006
1989,2017-11-29,-0.0011220869957137892
1990,2017-11-30,0.011479687951544828
1991,2017-12-01,-0.0007918381161720399
1992,2017-12-04,-0.00026619685087482807
1993,2017-12-05,-0.004157170796850381
1994,2017-12-06,-0.0017769139532301142
1995,2017-12-07,0.0004804983366546981
1996,2017-12-08,0.006644443809123969
1997,2017-12-11,0.004674570178030161
1998,2017-12-12,0.004020604314125103
1999,2017-12-13,0.0048046122554454285
2000,2017-12-14,-0.005348575032598416
2001,2017-12-15,0.00649722318234292
2002,2017-12-18,0.00412283477520489
2003,2017-12-19,-0.001516878008693763
2004,2017-12-20,-0.0008435583759893706
2005,2017-12-21,0.0012294460072405245
2006,2017-12-22,-0.0022128497903553123
2007,2017-12-26,0.0004903252063912205
2008,2017-12-27,0.0009674373664874432
2009,2017-12-28,0.0020599057712385703
2010,2017-12-29,-0.005066451646758996
2011,2018-01-02,0.005680653173656564
2012,2018-01-03,0.0031905908037983795
2013,2018-01-04,0.0037074532301963475
2014,2018-01-05,0.008014014005534517
2015,2018-01-08,0.0004328799403747819
2016,2018-01-09,0.0006992183013680789
2017,2018-01-10,-0.0007494315467749964
2018,2018-01-11,0.006947786141228776
2019,2018-01-12,0.008878402275396342
2020,2018-01-16,0.0017349835907221728
2021,2018-01-17,0.011888164526139092
2022,2018-01-18,0.0001906614115386525
2023,2018-01-19,0.002410019175451152
2024,2018-01-22,0.006727080128834949
2025,2018-01-23,-0.002831285625489419
2026,2018-01-24,0.0015479774868383412
2027,2018-01-25,0.0022068516995348997
2028,2018-01-26,0.010719103916700504
2029,2018-01-29,-0.006584200020410571
2030,2018-01-30,-0.013980081347989334
2031,2018-01-31,-0.0012033125163495233
2032,2018-02-01,0.00020116119503807016
2033,2018-02-02,-0.024198603276593574
2034,2018-02-05,-0.04299225082076982
2035,2018-02-06,0.018778689896627843
2036,2018-02-07,-0.001522130593342481
2037,2018-02-08,-0.039812319602832685
2038,2018-02-09,0.015852169333280625
2039,2018-02-12,0.01390501922811256
2040,2018-02-13,0.0017592060662645981
2041,2018-02-14,0.009934345304890315
2042,2018-02-15,0.013745689105356252
2043,2018-02-16,0.001846332134712378
2044,2018-02-20,-0.011988495723528968
2045,2018-02-21,-0.009344774049851885
2046,2018-02-22,0.001986052036203348
2047,2018-02-23,0.015651866575799818
2048,2018-02-26,0.015084738027796123
2049,2018-02-27,-0.01145477651029334
2050,2018-02-28,-0.013675952359162054
2051,2018-03-01,-0.009132652832564881
2052,2018-03-02,0.00038179343240092784
2053,2018-03-05,0.010076135035735359
2054,2018-03-06,0.0017607271548127756
2055,2018-03-07,-0.0018151519430970914
2056,2018-03-08,0.0037951834461612266
2057,2018-03-09,0.015518430192365124
2058,2018-03-12,-0.004567361846541224
2059,2018-03-13,-0.005764755319121035
2060,2018-03-14,-0.007313221345359783
2061,2018-03-15,0.001128492374271648
2062,2018-03-16,0.002097886270445649
2063,2018-03-19,-0.013769646276309588
2064,2018-03-20,0.003392845667906457
2065,2018-03-21,-0.0042830433528852135
2066,2018-03-22,-0.02576397932257262
2067,2018-03-23,-0.01708498245150797
2068,2018-03-26,0.030288491614631166
2069,2018-03-27,-0.01350573406037483
2070,2018-03-28,0.0016017184865281034
2071,2018-03-29,0.009774832380727795
2072,2018-04-02,-0.020409690209623636
2073,2018-04-03,0.01416006957233978
2074,2018-04-04,0.013251559294703742
2075,2018-04-05,0.007677423589709885
2076,2018-04-06,-0.022798811027673505
2077,2018-04-09,0.003797449063827313
2078,2018-04-10,0.015557503535025576
2079,2018-04-11,-0.006165101442999007
2080,2018-04-12,0.008439950239138272
2081,2018-04-13,-0.0031334319310319272
2082,2018-04-16,0.008253217013555742
2083,2018-04-17,0.009996877533092556
2084,2018-04-18,-0.0015075310332011802
2085,2018-04-19,-0.004954634864111729
2086,2018-04-20,-0.008950182779454469
2087,2018-04-23,0.0013914074079363955
2088,2018-04-24,-0.008705950883985299
2089,2018-04-25,0.0009276057666731542
2090,2018-04-26,0.010992897146265715
2091,2018-04-27,0.0020677508829067786
2092,2018-04-30,-0.0028160958336774945
2093,2018-05-01,-0.002756848591851849
2094,2018-05-02,-0.008935087748749317
2095,2018-05-03,-0.001033058692247893
2096,2018-05-04,0.013930363676369862
2097,2018-05-07,0.002750269246747398
2098,2018-05-08,0.001297767684455809
2099,2018-05-09,0.005396985990083537
2100,2018-05-10,0.007933499372470888
2101,2018-05-11,0.005740695143576295
2102,2018-05-14,-0.00017733289312051753
2103,2018-05-15,-0.006284515167259035
2104,2018-05-16,0.003887026430807955
2105,2018-05-17,-0.003687248250419684
2106,2018-05-18,-0.00280527001622611
2107,2018-05-21,0.009203824379862148
2108,2018-05-22,-0.003660466971784968
2109,2018-05-23,0.0032575883134715513
2110,2018-05-24,-0.0028216265044675006
2111,2018-05-25,-0.0014600753626086468
2112,2018-05-29,-0.012563362126620379
2113,2018-05-30,0.0126696257858124
2114,2018-05-31,-0.009231285872929547
2115,2018-06-01,0.009323613646213926
2116,2018-06-04,0.008922101551408037
2117,2018-06-05,-0.0014756379686489186
2118,2018-06-06,0.01204743605770337
2119,2018-06-07,0.0007590407210682171
2120,2018-06-08,0.00272651109983486
2121,2018-06-11,0.0012098053378047553
2122,2018-06-12,0.0010052304928187502
2123,2018-06-13,-0.004230187923651973
2124,2018-06-14,0.0008363172352890667
2125,2018-06-15,-0.0014445328791372206
2126,2018-06-18,-0.005550583057453475
2127,2018-06-19,-0.004193416544845989
2128,2018-06-20,0.00012413393618766408
2129,2018-06-21,-0.006752299938976249
2130,2018-06-22,0.0020259831255343133
2131,2018-06-25,-0.010847817186937751
2132,2018-06-26,0.0012173996535507722
2133,2018-06-27,-0.007967889677367113
2134,2018-06-28,-3.2281627845628946e-05
2135,2018-06-29,0.004562174704238418
2136,2018-07-02,0.0045225539485336495
2137,2018-07-03,-0.00602279101443781
2138,2018-07-05,0.009130246992349803
2139,2018-07-06,0.005456188551739156
2140,2018-07-09,0.008481519643397403
2141,2018-07-10,0.005584327204191235
2142,2018-07-11,-0.006458983338126471
2143,2018-07-12,0.009366354926956854
2144,2018-07-13,0.0020858065285625947
2145,2018-07-16,0.0008788471251997826
2146,2018-07-17,0.001247256503653126
2147,2018-07-18,0.0014030059914137978
2148,2018-07-19,-0.0027387757101330276
2149,2018-07-20,0.002163650936584348
2150,2018-07-23,0.0019162231813449125
2151,2018-07-24,0.005101187697907861
2152,2018-07-25,0.008401727440863713
2153,2018-07-26,0.0036288095322891097
2154,2018-07-27,-0.006061972363567709
2155,2018-07-30,-0.006713076192618524
2156,2018-07-31,0.0029736039645841847
2157,2018-08-01,-0.0019393197702549944
2158,2018-08-02,0.0021760011947981853
2159,2018-08-03,0.005792008113256965
2160,2018-08-06,0.001862848522786031
2161,2018-08-07,0.005647634763400358
2162,2018-08-08,-0.0016541265933184763
2163,2018-08-09,-0.0027709906201395917
2164,2018-08-10,-0.005058431616669631
2165,2018-08-13,-0.0043528727057798875
2166,2018-08-14,0.006058251544578374
2167,2018-08-15,-0.004343742363628398
2168,2018-08-16,0.017002209099078663
2169,2018-08-17,0.003756299829595213
2170,2018-08-20,0.0010594387026019833
2171,2018-08-21,0.0022308389597243744
2172,2018-08-22,-0.0027753436172005515
2173,2018-08-23,-0.001120831722343652
2174,2018-08-24,0.004745149356491774
2175,2018-08-27,0.007932799445415847
2176,2018-08-28,0.0012139441121046279
2177,2018-08-29,0.0034690800366575123
2178,2018-08-30,-0.004974597532251964
2179,2018-08-31,6.411691470447358e-05
2180,2018-09-04,-0.0030385845857939906
2181,2018-09-05,-0.000568091053673616
2182,2018-09-06,0.000982773914396773
2183,2018-09-07,-0.003161983830042835
2184,2018-09-10,0.002934137371941985
2185,2018-09-11,0.00240308557813479
2186,2018-09-12,0.0036489270048811156
2187,2018-09-13,0.0065140587710427866
2188,2018-09-14,-0.0020335427468210496
2189,2018-09-17,-0.0018660409671546394
2190,2018-09-18,0.005509441461134523
2191,2018-09-19,0.0014375846012727534
2192,2018-09-20,0.010616093729959811
2193,2018-09-21,0.0028657508085489737
2194,2018-09-24,-0.0036508394331829217
2195,2018-09-25,-0.0034398157006419092
2196,2018-09-26,-0.0030913183463937414
2197,2018-09-27,0.004133717780595979
2198,2018-09-28,0.00014488512844989778
2199,2018-10-01,0.004657163972184971
2200,2018-10-02,0.0030110157893898366
2201,2018-10-03,-0.001032343602802831
2202,2018-10-04,-0.008468889927340042
2203,2018-10-05,-0.0060438422036410465
2204,2018-10-08,0.00032055257746854855
2205,2018-10-09,0.00047426799829206165
2206,2018-10-10,-0.03355647310260661
2207,2018-10-11,-0.020063340159901126
2208,2018-10-12,0.01649064533527835
2209,2018-10-15,-0.005469557158088116
2210,2018-10-16,0.021427626516577147
2211,2018-10-17,-0.0018310123492455796
2212,2018-10-18,-0.011271325174188019
2213,2018-10-19,0.0013160079146661348
2214,2018-10-22,-0.000991581613669903
2215,2018-10-23,-0.005854314021648477
2216,2018-10-24,-0.026529101335962386
2217,2018-10-25,0.017437407089884005
2218,2018-10-26,-0.011649510339930048
2219,2018-10-29,-0.004790381068655952
2220,2018-10-30,0.01918490589306018
2221,2018-10-31,0.009271882254259697
2222,2018-11-01,0.006928998315321009
2223,2018-11-02,-0.006486621158752162
2224,2018-11-05,0.008514142096030491
2225,2018-11-06,0.004256227400714633
2226,2018-11-07,0.023817202153244118
2227,2018-11-08,0.0012789451528067654
2228,2018-11-09,-0.008674789879483228
2229,2018-11-12,-0.021130609526499467
2230,2018-11-13,-0.00019189355529268922
2231,2018-11-14,-0.00811643034722794
2232,2018-11-15,0.01193778645720862
2233,2018-11-16,0.003941028420533357
2234,2018-11-19,-0.015914118756222628
2235,2018-11-20,-0.020784815077222754
2236,2018-11-21,0.0011878143093139025
2237,2018-11-23,-0.006525355457380138
2238,2018-11-26,0.014259367999537897
2239,2018-11-27,0.007650015587545087
2240,2018-11-28,0.02709942524561575
2241,2018-11-29,-0.0033833370242936076
2242,2018-11-30,0.011909413428497816
2243,2018-12-03,0.007360526262193122
2244,2018-12-04,-0.03127729992232164
2245,2018-12-06,2.5764429708719947e-05
2246,2018-12-07,-0.023023675220051856
2247,2018-12-10,0.003587215884361106
2248,2018-12-11,0.0005061155093814758
2249,2018-12-12,0.0053906177816354815
2250,2018-12-13,0.0036716097059776623
2251,2018-12-14,-0.02006178080446504
2252,2018-12-17,-0.022543075263640768
2253,2018-12-18,0.0017103600416788617
2254,2018-12-19,-0.013420498205747882
2255,2018-12-20,-0.017943282913616094
2256,2018-12-21,-0.015337144569294659
2257,2018-12-24,-0.028148760876118537
2258,2018-12-26,0.05051916277439987
2259,2018-12-27,0.012225461352992562
2260,2018-12-28,-0.003150070632642533
2261,2018-12-31,0.01114037832495151
